-- MySQL dump 10.13  Distrib 8.0.31, for macos12.6 (arm64)
--
-- Host: localhost    Database: ooo
-- ------------------------------------------------------
-- Server version	8.0.31

/*!40101 SET @OLD_CHARACTER_SET_CLIENT=@@CHARACTER_SET_CLIENT */;
/*!40101 SET @OLD_CHARACTER_SET_RESULTS=@@CHARACTER_SET_RESULTS */;
/*!40101 SET @OLD_COLLATION_CONNECTION=@@COLLATION_CONNECTION */;
/*!50503 SET NAMES utf8mb4 */;
/*!40103 SET @OLD_TIME_ZONE=@@TIME_ZONE */;
/*!40103 SET TIME_ZONE='+00:00' */;
/*!40014 SET @OLD_UNIQUE_CHECKS=@@UNIQUE_CHECKS, UNIQUE_CHECKS=0 */;
/*!40014 SET @OLD_FOREIGN_KEY_CHECKS=@@FOREIGN_KEY_CHECKS, FOREIGN_KEY_CHECKS=0 */;
/*!40101 SET @OLD_SQL_MODE=@@SQL_MODE, SQL_MODE='NO_AUTO_VALUE_ON_ZERO' */;
/*!40111 SET @OLD_SQL_NOTES=@@SQL_NOTES, SQL_NOTES=0 */;

--
-- Table structure for table `carts`
--

DROP TABLE IF EXISTS `carts`;
/*!40101 SET @saved_cs_client     = @@character_set_client */;
/*!50503 SET character_set_client = utf8mb4 */;
CREATE TABLE `carts` (
  `id` int NOT NULL AUTO_INCREMENT,
  `user_id` int NOT NULL,
  `lecture_id` int NOT NULL,
  `create_at` timestamp NOT NULL DEFAULT CURRENT_TIMESTAMP,
  `update_at` timestamp NULL DEFAULT NULL ON UPDATE CURRENT_TIMESTAMP,
  PRIMARY KEY (`id`),
  KEY `cart_lecture_id_fkey` (`lecture_id`),
  KEY `cart_user_id_fkey` (`user_id`),
  CONSTRAINT `cart_lecture_id_fkey` FOREIGN KEY (`lecture_id`) REFERENCES `lectures` (`id`),
  CONSTRAINT `cart_user_id_fkey` FOREIGN KEY (`user_id`) REFERENCES `users` (`id`)
) ENGINE=InnoDB DEFAULT CHARSET=utf8mb4 COLLATE=utf8mb4_0900_ai_ci;
/*!40101 SET character_set_client = @saved_cs_client */;

--
-- Dumping data for table `carts`
--

LOCK TABLES `carts` WRITE;
/*!40000 ALTER TABLE `carts` DISABLE KEYS */;
/*!40000 ALTER TABLE `carts` ENABLE KEYS */;
UNLOCK TABLES;

--
-- Table structure for table `creators`
--

DROP TABLE IF EXISTS `creators`;
/*!40101 SET @saved_cs_client     = @@character_set_client */;
/*!50503 SET character_set_client = utf8mb4 */;
CREATE TABLE `creators` (
  `id` int NOT NULL AUTO_INCREMENT,
  `image_url` varchar(500) DEFAULT NULL,
  `description` text,
  PRIMARY KEY (`id`)
) ENGINE=InnoDB AUTO_INCREMENT=13 DEFAULT CHARSET=utf8mb4 COLLATE=utf8mb4_0900_ai_ci;
/*!40101 SET character_set_client = @saved_cs_client */;

--
-- Dumping data for table `creators`
--

LOCK TABLES `creators` WRITE;
/*!40000 ALTER TABLE `creators` DISABLE KEYS */;
INSERT INTO `creators` VALUES (1,NULL,'러닝의 기초를 위해서 여러분에게 기초부터 탄탄하게 배워갈 수 있는 방법에 대해서 공유하고 싶고 같이 성장하고 싶은 러너킴입니다. 우리 함께 열심히 해서 풀코스까지 도전할 수 있는 멋진 도전을 시작해봐요!'),(2,NULL,'수영은 물 속에서 몸을 움직여 수면 위나 수면 아래를 이동하는 운동입니다. 수영은 전신 근육을 강화하고 심폐 기능을 향상시키는 데 도움이 되며, 체력 증진과 스트레스 완화에도 효과적입니다.수영을 시작하기 전에는 먼저 적절한 수영장과 수영복, 안경 등이 필요합니다. 또한 수영을 시작하기 전에는 충분한 스트레칭과 워밍업을 하여 근육 손상을 예방해야 합니다.수영은 초보자부터 전문가까지 다양한 수준의 사람들이 즐길 수 있는 운동입니다. 수영은 자유형, 접영, 배영, 평영 등 다양한 종류가 있으며, 각각의 종류마다 기술적인 요소가 다릅니다.'),(3,NULL,'72 이븐타 칠수 있도록  기본적인 스윙 부터 차근차근 함께 만들어 보아요 ~'),(4,NULL,'소크라 테니스 의 강의 완강하시면 오늘 부터 나도 테니스 왕자 & 공주'),(5,NULL,'화려한 프런트엔드 무대뒤에 숨어 서버통신을 책임지는 다크나이트 백엔드 개발자 malbok KIm'),(6,NULL,'정체를 밝힐순 없지만 해킹침투를 전문으로 가르쳐드립니다'),(7,NULL,'미국계 법률 회사, 독일계 자동차 회사에 재직하며 늘 업무 자동화, 시스템화에 관심이 많았던 저는 꾸준히 프로그래밍에 대한 공부를 지속해오며 업무에 활용하였습니다. 코딩 교육을 통해 새로운 시각과 가치를 제공하고 싶습니다.'),(8,NULL,'누구보다 쉽고 재밌게 프로그래밍 지식을 전달해드립니다. 코딩에 대한 배경지식이 없는 분이라도 충분히 따라올 수 있습니다! 수많은 논의 끝에 범용성이 뛰어난 리액트를 첫 클래스로 열었습니다. 그럼 클래스에서 뵙겠습니다'),(9,NULL,'현재 이탈리아 밀라노에서 미슐랭 3스타 레스토랑을 운영하고 있습니다. 파스타에 대한 각별한 애정으로 이탈리아 요리를 시작했습니다. 과분하게도 운영중인 유튜브 채널이 많은 관심과 사랑을 받게 되었고, 제 영상을 보고 만든 요리가 누군가에게 행복을 전해준다는 뿌듯함에 이 일을 계속하고 있습니다. 수강생분들께는 유튜브에서 알려드리지 않은 더 자세한 레시피를 전해드릴 예정입니다. 저와 함께 작은 이탈리아 주방을 꾸며볼까요?'),(10,NULL,'- 안녕하세요, 건강하고 행복한 한 끼 식사를 요리하는 리라쌤입니다. :) 쿠킹스튜디오를 운영하며 다양한 학생 분들에게 맛있는 레시피를 전파하며 매장 메뉴 컨설팅을 하고 있습니다. 이번 제 수업에서는 샐러드 전문 매장을 오픈하고 싶으신 분, 가족들에게 맛있는 한 끼 식사를 대접하고 싶으신 분들을 위해 다양한 종류의 샐러드 레시피를 준비해 보았어요.'),(11,NULL,'안녕하세요, 셰프 린입니다. \'스시 鮨\'라는 한자는 \'생선 魚\'이 \'맛있다 旨\'는 의미입니다. 신선한 \'생선 魚\'과 잘 지어진 밥이 만나면 \'맛있는 旨\' \'스시 鮨\'가 됩니다. 맛있는 스시 오마카세 레시피, 저와 함께라면 여러분들도 따라 만드실 수 있을 겁니다.'),(12,NULL,'안녕하세요, 김카페입니다. 홈카페에 대한 로망이 있으신 모든 분들을 환영합니다. 저는 카페 창업 경력 6년차, 매장 컨설팅을 겸업하고 있습니다. 개인 카페를 창업하고 싶으신 분들, 카페 메뉴를 개발하고 싶으신 분들 모두 제 클래스 들으시고 도움 받으시길 바라겠습니다.');
/*!40000 ALTER TABLE `creators` ENABLE KEYS */;
UNLOCK TABLES;

--
-- Table structure for table `curriculums`
--

DROP TABLE IF EXISTS `curriculums`;
/*!40101 SET @saved_cs_client     = @@character_set_client */;
/*!50503 SET character_set_client = utf8mb4 */;
CREATE TABLE `curriculums` (
  `id` int NOT NULL AUTO_INCREMENT,
  `chapter_name` varchar(200) DEFAULT NULL,
  `sequence` int DEFAULT NULL,
  `lecture_id` int NOT NULL,
  PRIMARY KEY (`id`),
  KEY `curriculum_lecture_id_fkey` (`lecture_id`),
  CONSTRAINT `curriculum_lecture_id_fkey` FOREIGN KEY (`lecture_id`) REFERENCES `lectures` (`id`)
) ENGINE=InnoDB AUTO_INCREMENT=37 DEFAULT CHARSET=utf8mb4 COLLATE=utf8mb4_0900_ai_ci;
/*!40101 SET character_set_client = @saved_cs_client */;

--
-- Dumping data for table `curriculums`
--

LOCK TABLES `curriculums` WRITE;
/*!40000 ALTER TABLE `curriculums` DISABLE KEYS */;
INSERT INTO `curriculums` VALUES (1,'러닝의 기초',NULL,1),(2,'러닝을 위한 스트레',NULL,1),(3,'러닝머신과 실제 로드의 차',NULL,1),(4,'안전교육',NULL,2),(5,'기본기술교육1',NULL,2),(6,'기본기술교육2',NULL,2),(7,'골프의 기본',NULL,3),(8,'아이언 샷',NULL,3),(9,'드라이버,퍼팅',NULL,3),(10,'테니스의 기초',NULL,4),(11,'테니스 기술',NULL,4),(12,'실전',NULL,4),(13,'비전공자가 개발에 접근하는법',NULL,5),(14,'데이터베이스',NULL,5),(15,'termina과 node.js',NULL,5),(16,'해킹이란??',NULL,6),(17,'해킹의 종류와 타겟',NULL,6),(18,'해킹에 대한 대처와 방지법',NULL,6),(19,'개발 환경 세팅',NULL,7),(20,'Python',NULL,7),(21,'실습',NULL,7),(22,'개발 환경 초기 세팅',NULL,8),(23,'숫자 카운팅',NULL,8),(24,'체그박스 관리 기능',NULL,8),(25,'WELECOME 안녕하세요 김슐랭입니다',NULL,9),(26,'이탈리아 요리 기초',NULL,9),(27,'소스와 육수',NULL,9),(28,'환영합니다!',NULL,12),(29,'도구 및 재료 소개',NULL,12),(30,'완강을 축하드려요!',NULL,12),(31,'안녕하세요! 셰프 린입니다.',NULL,11),(32,'보송보송 일본식 계란말이 만들기',NULL,11),(33,'스시와 오마카세 문화 먼저 알고가기',NULL,11),(34,'안녕하세요! 저의 강좌에 오신 걸 환영합니다.',NULL,10),(35,'샐러드 만들기를 위해 필요한 준비물',NULL,10),(36,'샐러드 드레싱 2가지 만들기',NULL,10);
/*!40000 ALTER TABLE `curriculums` ENABLE KEYS */;
UNLOCK TABLES;

--
-- Table structure for table `detail_images`
--

DROP TABLE IF EXISTS `detail_images`;
/*!40101 SET @saved_cs_client     = @@character_set_client */;
/*!50503 SET character_set_client = utf8mb4 */;
CREATE TABLE `detail_images` (
  `id` int NOT NULL AUTO_INCREMENT,
  `lecture_id` int NOT NULL,
  `sequence` int DEFAULT NULL,
  `image_url` varchar(500) DEFAULT NULL,
  PRIMARY KEY (`id`),
  KEY `detail_images_lecture_id_fkey` (`lecture_id`),
  CONSTRAINT `detail_images_lecture_id_fkey` FOREIGN KEY (`lecture_id`) REFERENCES `lectures` (`id`)
) ENGINE=InnoDB AUTO_INCREMENT=61 DEFAULT CHARSET=utf8mb4 COLLATE=utf8mb4_0900_ai_ci;
/*!40101 SET character_set_client = @saved_cs_client */;

--
-- Dumping data for table `detail_images`
--

LOCK TABLES `detail_images` WRITE;
/*!40000 ALTER TABLE `detail_images` DISABLE KEYS */;
INSERT INTO `detail_images` VALUES (1,1,NULL,'https://images.pexels.com/photos/936094/pexels-photo-936094.jpeg?auto=compress&cs=tinysrgb&w=1600'),(2,1,NULL,'https://images.pexels.com/photos/34495/runner-race-competition-female.jpg?auto=compress&cs=tinysrgb&w=1600'),(3,1,NULL,'https://images.pexels.com/photos/1748447/pexels-photo-1748447.jpeg?auto=compress&cs=tinysrgb&w=1600'),(4,1,NULL,'https://images.pexels.com/photos/1578384/pexels-photo-1578384.jpeg?auto=compress&cs=tinysrgb&w=1600'),(5,1,NULL,'https://images.pexels.com/photos/3764538/pexels-photo-3764538.jpeg?auto=compress&cs=tinysrgb&w=1600'),(6,2,NULL,'https://images.pexels.com/photos/863988/pexels-photo-863988.jpeg?auto=compress&cs=tinysrgb&w=1600'),(7,2,NULL,'https://images.pexels.com/photos/2062706/pexels-photo-2062706.jpeg?auto=compress&cs=tinysrgb&w=1600'),(8,2,NULL,'https://images.pexels.com/photos/2062698/pexels-photo-2062698.jpeg?auto=compress&cs=tinysrgb&w=1600'),(9,2,NULL,'https://images.pexels.com/photos/2597884/pexels-photo-2597884.jpeg?auto=compress&cs=tinysrgb&w=1600'),(10,2,NULL,'https://images.pexels.com/photos/56837/swimmers-swimming-race-competition-56837.jpeg?auto=compress&cs=tinysrgb&w=1600'),(11,3,NULL,'https://images.pexels.com/photos/1325652/pexels-photo-1325652.jpeg?auto=compress&cs=tinysrgb&w=1260&h=750&dpr=1'),(12,3,NULL,'https://images.pexels.com/photos/1325769/pexels-photo-1325769.jpeg?auto=compress&cs=tinysrgb&w=1260&h=750&dpr=1'),(13,3,NULL,'https://images.pexels.com/photos/1325661/pexels-photo-1325661.jpeg?auto=compress&cs=tinysrgb&w=1260&h=750&dpr=1'),(14,3,NULL,'https://images.pexels.com/photos/1325658/pexels-photo-1325658.jpeg?auto=compress&cs=tinysrgb&w=1260&h=750&dpr=1'),(15,3,NULL,'https://images.pexels.com/photos/6256833/pexels-photo-6256833.jpeg?auto=compress&cs=tinysrgb&w=1260&h=750&dpr=1'),(16,4,NULL,'https://images.pexels.com/photos/1103829/pexels-photo-1103829.jpeg?auto=compress&cs=tinysrgb&w=1260&h=750&dpr=1'),(17,4,NULL,'https://images.pexels.com/photos/3207474/pexels-photo-3207474.jpeg?auto=compress&cs=tinysrgb&w=1260&h=750&dpr=1'),(18,4,NULL,'https://images.pexels.com/photos/5409085/pexels-photo-5409085.jpeg?auto=compress&cs=tinysrgb&w=1260&h=750&dpr=1'),(19,4,NULL,'https://images.pexels.com/photos/4371609/pexels-photo-4371609.jpeg?auto=compress&cs=tinysrgb&w=1260&h=750&dpr=1'),(20,4,NULL,'https://images.pexels.com/photos/5739200/pexels-photo-5739200.jpeg?auto=compress&cs=tinysrgb&w=1260&h=750&dpr=1'),(21,5,NULL,'https://images.pexels.com/photos/7014242/pexels-photo-7014242.jpeg?auto=compress&cs=tinysrgb&w=1260&h=750&dpr=1'),(22,5,NULL,'https://images.pexels.com/photos/5700184/pexels-photo-5700184.jpeg?auto=compress&cs=tinysrgb&w=1260&h=750&dpr=1'),(23,5,NULL,'https://images.pexels.com/photos/1181244/pexels-photo-1181244.jpeg?auto=compress&cs=tinysrgb&w=1260&h=750&dpr=1'),(24,5,NULL,'https://images.pexels.com/photos/270404/pexels-photo-270404.jpeg?auto=compress&cs=tinysrgb&w=1260&h=750&dpr=1'),(25,5,NULL,'https://images.pexels.com/photos/1181326/pexels-photo-1181326.jpeg?auto=compress&cs=tinysrgb&w=1260&h=750&dpr=1'),(26,6,NULL,'https://images.pexels.com/photos/2036656/pexels-photo-2036656.jpeg?auto=compress&cs=tinysrgb&w=1260&h=750&dpr=1'),(27,6,NULL,'https://images.pexels.com/photos/5952647/pexels-photo-5952647.jpeg?auto=compress&cs=tinysrgb&w=1260&h=750&dpr=1'),(28,6,NULL,'https://images.pexels.com/photos/5380621/pexels-photo-5380621.jpeg?auto=compress&cs=tinysrgb&w=1260&h=750&dpr=1'),(29,6,NULL,'https://images.pexels.com/photos/6964348/pexels-photo-6964348.jpeg?auto=compress&cs=tinysrgb&w=1260&h=750&dpr=1'),(30,6,NULL,'https://images.pexels.com/photos/6963939/pexels-photo-6963939.jpeg?auto=compress&cs=tinysrgb&w=1260&h=750&dpr=1'),(31,7,NULL,'https://images.unsplash.com/photo-1542831371-29b0f74f9713?ixlib=rb-4.0.3&ixid=MnwxMjA3fDB8MHxzZWFyY2h8NHx8JUVDJUJEJTk0JUVCJTk0JUE5fGVufDB8fDB8fA%3D%3D&auto=format&fit=crop&w=800&q=60'),(32,7,NULL,'https://images.unsplash.com/photo-1534665482403-a909d0d97c67?ixlib=rb-4.0.3&ixid=MnwxMjA3fDB8MHxzZWFyY2h8Mjh8fCVFQyVCRCU5NCVFQiU5NCVBOXxlbnwwfHwwfHw%3D&auto=format&fit=crop&w=800&q=60'),(33,7,NULL,'https://images.unsplash.com/photo-1592609931095-54a2168ae893?ixlib=rb-4.0.3&ixid=MnwxMjA3fDB8MHxzZWFyY2h8NTF8fCVFQyVCRCU5NCVFQiU5NCVBOXxlbnwwfHwwfHw%3D&auto=format&fit=crop&w=800&q=60'),(34,7,NULL,'https://images.unsplash.com/photo-1526374965328-7f61d4dc18c5?ixlib=rb-4.0.3&ixid=MnwxMjA3fDB8MHxzZWFyY2h8MTV8fCVFQyVCRCU5NCVFQiU5NCVBOXxlbnwwfHwwfHw%3D&auto=format&fit=crop&w=800&q=60'),(35,7,NULL,'https://images.unsplash.com/photo-1515879218367-8466d910aaa4?ixlib=rb-4.0.3&ixid=MnwxMjA3fDB8MHxzZWFyY2h8NHx8JUVEJThDJThDJUVDJTlEJUI0JUVDJThEJUFDfGVufDB8fDB8fA%3D%3D&auto=format&fit=crop&w=800&q=60'),(36,8,NULL,'https://cdn.pixabay.com/photo/2015/06/24/15/45/code-820275__480.jpg'),(37,8,NULL,'https://cdn.pixabay.com/photo/2016/11/30/20/58/programming-1873854__480.png'),(38,8,NULL,'https://cdn.pixabay.com/photo/2017/08/10/08/47/laptop-2620118__480.jpg'),(39,8,NULL,'https://cdn.pixabay.com/photo/2020/01/09/01/57/digitization-4751659__480.jpg'),(40,8,NULL,'https://cdn.pixabay.com/photo/2016/11/30/20/44/computer-1873831__480.png'),(41,9,NULL,'https://cdn.pixabay.com/photo/2015/10/02/15/59/olive-oil-968657__480.jpg'),(42,9,NULL,'https://cdn.pixabay.com/photo/2016/02/05/15/34/pasta-1181189_1280.jpg'),(43,9,NULL,'https://cdn.pixabay.com/photo/2016/03/27/21/34/restaurant-1284351__480.jpg'),(44,9,NULL,'https://cdn.pixabay.com/photo/2016/11/19/11/38/avocado-1838785__480.jpg'),(45,9,NULL,'https://cdn.pixabay.com/photo/2017/03/27/13/54/bread-2178874__480.jpg'),(46,10,NULL,'https://images.pexels.com/photos/257816/pexels-photo-257816.jpeg?auto=compress&cs=tinysrgb&w=1260&h=750&dpr=2'),(47,10,NULL,'https://images.pexels.com/photos/406152/pexels-photo-406152.jpeg?auto=compress&cs=tinysrgb&w=1260&h=750&dpr=2'),(48,10,NULL,'https://images.pexels.com/photos/2097090/pexels-photo-2097090.jpeg?auto=compress&cs=tinysrgb&w=1260&h=750&dpr=2'),(49,10,NULL,'https://images.pexels.com/photos/2116090/pexels-photo-2116090.jpeg?auto=compress&cs=tinysrgb&w=1260&h=750&dpr=2'),(50,10,NULL,'https://images.pexels.com/photos/61180/pexels-photo-61180.jpeg?auto=compress&cs=tinysrgb&w=1260&h=750&dpr=2'),(51,11,NULL,'https://cdn.pixabay.com/photo/2016/08/25/03/05/japans-1618638_1280.jpg'),(52,11,NULL,'https://cdn.pixabay.com/photo/2017/04/04/03/20/food-2200139_1280.jpg'),(53,11,NULL,'https://cdn.pixabay.com/photo/2017/01/30/08/26/sushi-2020287_1280.jpg'),(54,11,NULL,'https://cdn.pixabay.com/photo/2016/11/25/16/11/sushi-1858701_1280.jpg'),(55,11,NULL,'https://cdn.pixabay.com/photo/2016/08/25/02/57/japans-1618622_1280.jpg'),(56,12,NULL,'https://cdn.pixabay.com/photo/2018/03/05/06/37/coffee-3200073_1280.jpg'),(57,12,NULL,'https://cdn.pixabay.com/photo/2021/02/06/19/29/pancakes-5989136_1280.jpg'),(58,12,NULL,'https://cdn.pixabay.com/photo/2019/03/24/14/23/bread-4077812_1280.jpg'),(59,12,NULL,'https://cdn.pixabay.com/photo/2019/11/23/20/04/coffee-4648041_1280.jpg'),(60,12,NULL,'https://cdn.pixabay.com/photo/2020/09/21/05/58/coffee-5589038_1280.jpg');
/*!40000 ALTER TABLE `detail_images` ENABLE KEYS */;
UNLOCK TABLES;

--
-- Table structure for table `lectures`
--

DROP TABLE IF EXISTS `lectures`;
/*!40101 SET @saved_cs_client     = @@character_set_client */;
/*!50503 SET character_set_client = utf8mb4 */;
CREATE TABLE `lectures` (
  `id` int NOT NULL AUTO_INCREMENT,
  `name` varchar(200) DEFAULT NULL,
  `price` decimal(10,2) DEFAULT NULL,
  `description` varchar(3000) DEFAULT NULL,
  `main_image_url` varchar(500) DEFAULT NULL,
  `creator_id` int NOT NULL,
  `category_name` varchar(100) DEFAULT NULL,
  `status_name` varchar(100) DEFAULT NULL,
  `user_id` int NOT NULL,
  `create_at` timestamp NOT NULL DEFAULT CURRENT_TIMESTAMP,
  `update_at` timestamp NULL DEFAULT NULL ON UPDATE CURRENT_TIMESTAMP,
  PRIMARY KEY (`id`),
  KEY `lectures_creator_id_fkey` (`creator_id`),
  KEY `lectures_users_id_fkey` (`user_id`),
  CONSTRAINT `lectures_creator_id_fkey` FOREIGN KEY (`creator_id`) REFERENCES `creators` (`id`),
  CONSTRAINT `lectures_users_id_fkey` FOREIGN KEY (`user_id`) REFERENCES `users` (`id`)
) ENGINE=InnoDB AUTO_INCREMENT=13 DEFAULT CHARSET=utf8mb4 COLLATE=utf8mb4_0900_ai_ci;
/*!40101 SET character_set_client = @saved_cs_client */;

--
-- Dumping data for table `lectures`
--

LOCK TABLES `lectures` WRITE;
/*!40000 ALTER TABLE `lectures` DISABLE KEYS */;
INSERT INTO `lectures` VALUES (1,'러닝 기초부터 탄탄하게 배우자',30000.00,'러닝은 달리기, 조깅, 걷기 등을 포함한 육체적 운동 중 하나입니다. 건강과 체력 증진, 스트레스 감소, 다이어트 효과 등 다양한 이점을 제공합니다.러닝을 시작하려면 먼저 적절한 신발과 의류를 착용해야 합니다. 또한 적절한 스트레칭과 워밍업을 통해 근육 손상을 예방하고 부상을 방지할 수 있습니다.처음 러닝을 시작할 때에는 목표 거리나 시간보다는 천천히 시작하고 꾸준히 지속하는 것이 중요합니다. 첫 몇 주간은 몸의 적응기간이 필요하기 때문에 지나치게 긴 거리나 시간을 뛰지 않도록 주의해야 합니다.','https://images.pexels.com/photos/2803158/pexels-photo-2803158.jpeg',1,'운동 클래스',NULL,1,'2023-03-09 01:03:11',NULL),(2,'수영 누구나 다 할 수 있슴다',40000.00,'우리 수영 수업은 모든 연령층에게 적합한 프로그램으로, 수영을 처음 배우는 초보자부터 전문적인 기술을 익히고자 하는 수영 선수들까지 모두에게 효과적인 수업을 제공합니다.저희 수영 수업에서는 안전한 수영을 위해 물 위에서의 균형과 숨쉬는 방법, 그리고 다양한 수영 스트로크를 배울 수 있습니다. 또한, 수영을 하면서 기본적인 체력과 근력을 향상시키고, 스트레스를 푸는 효과도 누릴 수 있습니다.','https://images.pexels.com/photos/1263348/pexels-photo-1263348.jpeg?auto=compress&cs=tinysrgb&w=1600',2,'운동 클래스',NULL,2,'2023-03-09 01:03:11',NULL),(3,'골프 백돌이  백타 깨기',200000.00,'초보자를 위한 기초 수업은 스윙 자세, 샷 기술, 클럽 선택, 그리고 골프장에서의 기본 규칙과 에티켓을 배우게 됩니다. 또한, 중급자를 위한 과정은 보다 고급 기술과 전략적인 게임 계획을 학습하며, 기존 기술을 개선하고 실력을 향상시키는 데에 초점을 맞춥니다.','https://images.pexels.com/photos/54123/pexels-photo-54123.jpeg?auto=compress&cs=tinysrgb&w=1260&h=750&dpr=1',3,'운동 클래스',NULL,3,'2023-03-09 01:03:11',NULL),(4,'테테레 테테 테니스',100000.00,'- 스윙 기술, 공을 맞추는 기술, 적절한 클러브 선택 등을 배우며, 테니스를 처음 시작하는 분들에게 적합합니다. 또한, 중급자를 위한 과정은 고급 기술, 전략적인 게임 계획, 그리고 실전 전략 등을 학습하며, 기존 기술을 개선하고 실력을 향상시키는 데에 초점을 맞춥니다.테니스는 전신 근육을 사용하는 운동이므로 건강과 체력에 매우 좋습니다. 온라인 테니스 강의를 통해 운동량을 늘리고 건강한 체력과 건강한 습관을 함께 얻을 수 있습니다.','https://images.pexels.com/photos/2618794/pexels-photo-2618794.jpeg?auto=compress&cs=tinysrgb&w=1260&h=750&dpr=1',4,'운동 클래스',NULL,4,'2023-03-09 01:03:11',NULL),(5,'노가다 5년 경력인 내가 백엔드 개발자??',300000.00,'야!! 너두 할수 있어!! 평소에 코딩이 관심이 있던 비전공자도 개발자가 될수 있습니다, 비전공자가 비전공자에게 알기쉽게 가르치는 백엔드 기초코스','https://images.pexels.com/photos/5700184/pexels-photo-5700184.jpeg?auto=compress&cs=tinysrgb&w=1260&h=750&dpr=1',5,'프로그래밍 클래스',NULL,5,'2023-03-09 01:03:11',NULL),(6,'해킹학개론',400000.00,'해킹을 하라고 가르치는게 아닙니다 적을알고 나를 알면 백전백승, 보안성을 높이기위해  정보통신보안법의 허용범위 안에서해커들의 기술,심리상태, 대처법을  알려드립니다.','https://images.pexels.com/photos/1852389/pexels-photo-1852389.jpeg?auto=compress&cs=tinysrgb&w=1260&h=750&dpr=1',6,'프로그래밍 클래스',NULL,6,'2023-03-09 01:03:11',NULL),(7,'파이썬 A to Z 파헤치기!',99000.00,'쉽고 빠르게 학습할 수 있는 30분 요약 강좌로, Python의 기초 개념 부터 간단한 프로젝트까지 할 수 있습니다. 강의 자료도 함께 제공됩니다!','https://images.unsplash.com/photo-1461749280684-dccba630e2f6?ixlib=rb-4.0.3&ixid=MnwxMjA3fDB8MHxzZWFyY2h8Mnx8JUVDJUJEJTk0JUVCJTk0JUE5fGVufDB8fDB8fA%3D%3D&auto=format&fit=crop&w=800&q=60',7,'프로그래밍 클래스',NULL,7,'2023-03-09 01:03:11',NULL),(8,'7일 만에 끝내는 React 입문',110000.00,'React 입문 강의인 만큼 코린이도 쉽게 입문할 수 있도록 준비하였기 때문에 일단 완강을 하겠다는 열정만 있으면 됩니다! React의 핵심 개념 위주로 빠르게 학습하기 원하시는 분들 환영합니다.','https://cdn.pixabay.com/photo/2016/11/30/20/44/computer-1873831__480.png',8,'프로그래밍 클래스',NULL,8,'2023-03-09 01:03:11',NULL),(9,'김슐랭과 함께 하는 이탈리아 가정식 클래스',300000.00,'절대 실패하지 않는 요리 팁을 소개해드립니다. 한 작품을 만들어보는 데는 약 30분에서 1시간 정도 소요됩니다. (육수의 경우 약 3시간 내외) 미슐랭 레스토랑에서 얻은 저만의 경험을 통해 각 지역별 특색있는 메뉴들을 배워봅시다!','https://cdn.pixabay.com/photo/2017/02/15/10/37/salad-2068210__480.jpg',9,'요리,음료 클래스',NULL,9,'2023-03-09 01:03:11',NULL),(10,'맛있는 샐러드 레시피로 몸과 마음도 건강하게 하루 챙기기',200000.00,'다양한 샐러드 토핑과 소스들로 만든 건강한 한끼 식사 레시피를 배우게 될 거예요. 한 작품을 만드는 데에 20-40분 정도가 소요됩니다.','https://images.pexels.com/photos/1211887/pexels-photo-1211887.jpeg?auto=compress&cs=tinysrgb&w=1260&h=750&dpr=2',10,'요리,음료 클래스',NULL,10,'2023-03-09 01:03:11',NULL),(11,'미슐랭 3스타 셰프에게 배우는 스시 오마카세',150000.00,'15년 경력 셰프의 스시 클래스를 만나보세요. 스시를 좋아해도 자주 즐기기엔 부담스러운 게 사실인 스시 오마카세. 클래스 수강 후 직접 만들어보세요! 지인 및 가족들을 집으로 초대해서 대접도 해보세요. 분명 모두가 좋아할 거예요.','https://cdn.pixabay.com/photo/2020/04/04/15/07/sushi-5002639_1280.jpg',11,'요리,음료 클래스',NULL,11,'2023-03-09 01:03:11',NULL),(12,'우리 집을 홈카페로 만들어 보아요',177000.00,'한 작품을 만드는 데에 40~50분 정도가 소요됩니다. 클래스를 따라 차근차근 만드시면 내 집이 근사한 홈카페가 될 수 있습니다. 오픈한 지 6년 된 제 카페 “카페킴”의 시그니처 메뉴부터 대표 메뉴까지 레시피를 공유합니다.','https://cdn.pixabay.com/photo/2017/04/16/18/01/coffee-2235370_1280.jpg',12,'요리,음료 클래스',NULL,12,'2023-03-09 01:03:11',NULL);
/*!40000 ALTER TABLE `lectures` ENABLE KEYS */;
UNLOCK TABLES;

--
-- Table structure for table `order_items`
--

DROP TABLE IF EXISTS `order_items`;
/*!40101 SET @saved_cs_client     = @@character_set_client */;
/*!50503 SET character_set_client = utf8mb4 */;
CREATE TABLE `order_items` (
  `id` int NOT NULL AUTO_INCREMENT,
  `order_id` int NOT NULL,
  `lecture_id` int NOT NULL,
  PRIMARY KEY (`id`),
  KEY `order_items_order_id_fkey` (`order_id`),
  KEY `order_items_lecture_id_fkey` (`lecture_id`),
  CONSTRAINT `order_items_lecture_id_fkey` FOREIGN KEY (`lecture_id`) REFERENCES `lectures` (`id`),
  CONSTRAINT `order_items_order_id_fkey` FOREIGN KEY (`order_id`) REFERENCES `orders` (`id`)
) ENGINE=InnoDB DEFAULT CHARSET=utf8mb4 COLLATE=utf8mb4_0900_ai_ci;
/*!40101 SET character_set_client = @saved_cs_client */;

--
-- Dumping data for table `order_items`
--

LOCK TABLES `order_items` WRITE;
/*!40000 ALTER TABLE `order_items` DISABLE KEYS */;
/*!40000 ALTER TABLE `order_items` ENABLE KEYS */;
UNLOCK TABLES;

--
-- Table structure for table `orders`
--

DROP TABLE IF EXISTS `orders`;
/*!40101 SET @saved_cs_client     = @@character_set_client */;
/*!50503 SET character_set_client = utf8mb4 */;
CREATE TABLE `orders` (
  `id` int NOT NULL AUTO_INCREMENT,
  `order_number` varchar(200) DEFAULT NULL,
  `user_id` int NOT NULL,
  `lecture_id` int NOT NULL,
  `payment_types_id` int NOT NULL,
  `total_price` decimal(10,2) DEFAULT NULL,
  `create_at` timestamp NOT NULL DEFAULT CURRENT_TIMESTAMP,
  `update_at` timestamp NULL DEFAULT NULL ON UPDATE CURRENT_TIMESTAMP,
  PRIMARY KEY (`id`),
  KEY `orders_user_id_fkey` (`user_id`),
  KEY `orders_lecture_id_fkey` (`lecture_id`),
  KEY `orders_payment_types_id_fkey` (`payment_types_id`),
  CONSTRAINT `orders_lecture_id_fkey` FOREIGN KEY (`lecture_id`) REFERENCES `lectures` (`id`),
  CONSTRAINT `orders_payment_types_id_fkey` FOREIGN KEY (`payment_types_id`) REFERENCES `payment_types` (`id`),
  CONSTRAINT `orders_user_id_fkey` FOREIGN KEY (`user_id`) REFERENCES `users` (`id`)
) ENGINE=InnoDB DEFAULT CHARSET=utf8mb4 COLLATE=utf8mb4_0900_ai_ci;
/*!40101 SET character_set_client = @saved_cs_client */;

--
-- Dumping data for table `orders`
--

LOCK TABLES `orders` WRITE;
/*!40000 ALTER TABLE `orders` DISABLE KEYS */;
/*!40000 ALTER TABLE `orders` ENABLE KEYS */;
UNLOCK TABLES;

--
-- Table structure for table `payment_types`
--

DROP TABLE IF EXISTS `payment_types`;
/*!40101 SET @saved_cs_client     = @@character_set_client */;
/*!50503 SET character_set_client = utf8mb4 */;
CREATE TABLE `payment_types` (
  `id` int NOT NULL AUTO_INCREMENT,
  `name` varchar(200) NOT NULL,
  PRIMARY KEY (`id`)
) ENGINE=InnoDB DEFAULT CHARSET=utf8mb4 COLLATE=utf8mb4_0900_ai_ci;
/*!40101 SET character_set_client = @saved_cs_client */;

--
-- Dumping data for table `payment_types`
--

LOCK TABLES `payment_types` WRITE;
/*!40000 ALTER TABLE `payment_types` DISABLE KEYS */;
/*!40000 ALTER TABLE `payment_types` ENABLE KEYS */;
UNLOCK TABLES;

--
-- Table structure for table `reviews`
--

DROP TABLE IF EXISTS `reviews`;
/*!40101 SET @saved_cs_client     = @@character_set_client */;
/*!50503 SET character_set_client = utf8mb4 */;
CREATE TABLE `reviews` (
  `id` int NOT NULL AUTO_INCREMENT,
  `user_id` int NOT NULL,
  `lecture_id` int NOT NULL,
  `description` varchar(200) NOT NULL,
  `image_url` varchar(500) DEFAULT NULL,
  `star` int DEFAULT NULL,
  `create_at` timestamp NOT NULL DEFAULT CURRENT_TIMESTAMP,
  `update_at` timestamp NULL DEFAULT NULL ON UPDATE CURRENT_TIMESTAMP,
  PRIMARY KEY (`id`),
  KEY `reviews_user_id_fkey` (`user_id`),
  KEY `reviews_lecture_id_fkey` (`lecture_id`),
  CONSTRAINT `reviews_lecture_id_fkey` FOREIGN KEY (`lecture_id`) REFERENCES `lectures` (`id`),
  CONSTRAINT `reviews_user_id_fkey` FOREIGN KEY (`user_id`) REFERENCES `users` (`id`)
) ENGINE=InnoDB DEFAULT CHARSET=utf8mb4 COLLATE=utf8mb4_0900_ai_ci;
/*!40101 SET character_set_client = @saved_cs_client */;

--
-- Dumping data for table `reviews`
--

LOCK TABLES `reviews` WRITE;
/*!40000 ALTER TABLE `reviews` DISABLE KEYS */;
/*!40000 ALTER TABLE `reviews` ENABLE KEYS */;
UNLOCK TABLES;

--
-- Table structure for table `schema_migrations`
--

DROP TABLE IF EXISTS `schema_migrations`;
/*!40101 SET @saved_cs_client     = @@character_set_client */;
/*!50503 SET character_set_client = utf8mb4 */;
CREATE TABLE `schema_migrations` (
  `version` varchar(255) COLLATE latin1_bin NOT NULL,
  PRIMARY KEY (`version`)
) ENGINE=InnoDB DEFAULT CHARSET=latin1 COLLATE=latin1_bin;
/*!40101 SET character_set_client = @saved_cs_client */;

--
-- Dumping data for table `schema_migrations`
--

LOCK TABLES `schema_migrations` WRITE;
/*!40000 ALTER TABLE `schema_migrations` DISABLE KEYS */;
INSERT INTO `schema_migrations` VALUES ('20230227080635'),('20230227081544'),('20230227082006'),('20230227083950'),('20230227091316'),('20230227092246'),('20230227092700'),('20230227093152'),('20230227093729'),('20230227094132'),('20230227094548'),('20230309075950'),('20230309080604'),('20230309080619'),('20230309080648'),('20230309080659');
/*!40000 ALTER TABLE `schema_migrations` ENABLE KEYS */;
UNLOCK TABLES;

--
-- Table structure for table `users`
--

DROP TABLE IF EXISTS `users`;
/*!40101 SET @saved_cs_client     = @@character_set_client */;
/*!50503 SET character_set_client = utf8mb4 */;
CREATE TABLE `users` (
  `id` int NOT NULL AUTO_INCREMENT,
  `kakao_id` bigint DEFAULT NULL,
  `name` varchar(50) NOT NULL,
  `email` varchar(100) NOT NULL,
  `password` varchar(100) DEFAULT NULL,
  `phone_number` varchar(100) DEFAULT NULL,
  `point` decimal(10,2) NOT NULL,
  `create_at` timestamp NOT NULL DEFAULT CURRENT_TIMESTAMP,
  `update_at` timestamp NULL DEFAULT NULL ON UPDATE CURRENT_TIMESTAMP,
  PRIMARY KEY (`id`),
  UNIQUE KEY `kakao_id` (`kakao_id`),
  UNIQUE KEY `phone_number` (`phone_number`)
) ENGINE=InnoDB AUTO_INCREMENT=13 DEFAULT CHARSET=utf8mb4 COLLATE=utf8mb4_0900_ai_ci;
/*!40101 SET character_set_client = @saved_cs_client */;

--
-- Dumping data for table `users`
--

LOCK TABLES `users` WRITE;
/*!40000 ALTER TABLE `users` DISABLE KEYS */;
INSERT INTO `users` VALUES (1,1,'러너킴','test1@gmail.com','111aA!!222',NULL,10000000.00,'2023-03-09 08:41:54',NULL),(2,2,'물개최','test2@gmail.com','111aA!!222',NULL,10000000.00,'2023-03-09 08:41:54',NULL),(3,3,'공칠이','test3@gmail.com','111aA!!222',NULL,10000000.00,'2023-03-09 08:41:54',NULL),(4,4,'소크라 테니스','test4@gmail.com','111aA!!222',NULL,10000000.00,'2023-03-09 08:41:54',NULL),(5,5,'malbock Kim','test5@gmail.com','111aA!!222',NULL,10000000.00,'2023-03-09 08:41:54',NULL),(6,6,'UNKNOWN','test6@gmail.com','111aA!!222',NULL,10000000.00,'2023-03-09 08:41:54',NULL),(7,7,'김철수','test7@gmail.com','111aA!!222',NULL,10000000.00,'2023-03-09 08:41:54',NULL),(8,8,'김영희','test8@gmail.com','111aA!!222',NULL,10000000.00,'2023-03-09 08:41:54',NULL),(9,9,'김슐랭','test9@gmail.com','111aA!!222',NULL,10000000.00,'2023-03-09 08:41:54',NULL),(10,10,'리라쌤','test10@gmail.com','111aA!!222',NULL,10000000.00,'2023-03-09 08:41:54',NULL),(11,11,'셰프 린','test11@gmail.com','111aA!!222',NULL,10000000.00,'2023-03-09 08:41:54',NULL),(12,12,'김카페','test12@gmail.com','111aA!!222',NULL,10000000.00,'2023-03-09 08:41:54',NULL);
/*!40000 ALTER TABLE `users` ENABLE KEYS */;
UNLOCK TABLES;

--
-- Table structure for table `videos`
--

DROP TABLE IF EXISTS `videos`;
/*!40101 SET @saved_cs_client     = @@character_set_client */;
/*!50503 SET character_set_client = utf8mb4 */;
CREATE TABLE `videos` (
  `id` int NOT NULL AUTO_INCREMENT,
  `name` varchar(200) DEFAULT NULL,
  `time` varchar(200) DEFAULT NULL,
  `video_url` varchar(3000) DEFAULT NULL,
  `curriculum_id` int NOT NULL,
  `sequence` int DEFAULT NULL,
  PRIMARY KEY (`id`),
  KEY `videos_curriculum_id_fkey` (`curriculum_id`),
  CONSTRAINT `videos_curriculum_id_fkey` FOREIGN KEY (`curriculum_id`) REFERENCES `curriculums` (`id`)
) ENGINE=InnoDB AUTO_INCREMENT=73 DEFAULT CHARSET=utf8mb4 COLLATE=utf8mb4_0900_ai_ci;
/*!40101 SET character_set_client = @saved_cs_client */;

--
-- Dumping data for table `videos`
--

LOCK TABLES `videos` WRITE;
/*!40000 ALTER TABLE `videos` DISABLE KEYS */;
INSERT INTO `videos` VALUES (1,'러닝과 조깅의 차이',NULL,'https://rr3---sn-3pm7dnez.c.drive.google.com/videoplayback?expire=1678354263&ei=F28JZPGyAsii-LYPp5K3yAc&ip=211.106.114.186&cp=QVRMWkRfU1JURFhPOlVFblVWbndLZUpkRlFxTE5veDN3N2pYMHI0TEVYOFM3S2pibGJMemszS2Q&id=6b4fd72f9e5c4a85&itag=22&source=webdrive&requiressl=yes&mh=bS&mm=32&mn=sn-3pm7dnez&ms=su&mv=m&mvi=3&pl=19&ttl=transient&susc=dr&driveid=1fx8jR5Y4QbeIVRQMZqZolOatr1d1-y6c&app=explorer&mime=video/mp4&vprv=1&prv=1&dur=55.217&lmt=1678339551711561&mt=1678339497&subapp=DRIVE_WEB_FILE_VIEWER&txp=0016224&sparams=expire,ei,ip,cp,id,itag,source,requiressl,ttl,susc,driveid,app,mime,vprv,prv,dur,lmt&sig=AOq0QJ8wRQIgD-0f0t2ceAPREDc6wbDiGAf8TNcNbDhAHFFF-XlKSYMCIQD8lQHD4kLR5CWidpTZ6Wcba2nooHlo6sbWqg5iAxET9A==&lsparams=mh,mm,mn,ms,mv,mvi,pl&lsig=AG3C_xAwRQIgcuRz0iec98KtUAmOeY3B5HWojLaXGXoizdj2dOktogkCIQCvNbUKLmjSWVkTul_sUAJl9fZEpMC2fYyXoJ0fELXA2A==&cpn=aZ8WE-53S4cSPtE2&c=WEB_EMBEDDED_PLAYER&cver=1.20230305.00.00',1,NULL),(2,'러닝을 위해 준비해야 하는 것들',NULL,'https://rr5---sn-3pm76nel.c.drive.google.com/videoplayback?expire=1678357957&ei=hX0JZPLjEbL0-LYPqbC4uA8&ip=211.106.114.186&cp=QVRMWkRfVllTSFhPOlVFblhDbWFLZUpkRlF0U01zeDN3N2pYM3kzUEVYOFM3S21pa2ZMemszS2Q&id=797d1448cc9d60ca&itag=22&source=webdrive&requiressl=yes&mh=LM&mm=32&mn=sn-3pm76nel&ms=su&mv=m&mvi=5&pl=19&ttl=transient&susc=dr&driveid=1D8vicA2Ej7LnPzyFoI9oUm3hWTtQEhNy&app=explorer&mime=video/mp4&vprv=1&prv=1&dur=27.585&lmt=1678341199841725&mt=1678343083&subapp=DRIVE_WEB_FILE_VIEWER&txp=0011224&sparams=expire,ei,ip,cp,id,itag,source,requiressl,ttl,susc,driveid,app,mime,vprv,prv,dur,lmt&sig=AOq0QJ8wRgIhANWEtrkCiECrrrll7emUYTcQf_Z4KFQuPb92zdxqxTCfAiEA0anuO98c1RtjFqIKirC-uuAwCF9M7QILUalSvrh_Tfw=&lsparams=mh,mm,mn,ms,mv,mvi,pl&lsig=AG3C_xAwRQIhAMLwjOc8m-WDO3sa1qvNh1bH3IMTN9TVwVdEkzaAxYnsAiAFt3Bqm8oTe1Xi4hGHsF4fhA9SgHTQtVc1lBGKdCF8JQ==&cpn=2Q32QFelLxRPP2ax&c=WEB_EMBEDDED_PLAYER&cver=1.20230305.00.00',1,NULL),(3,'상체 스트레칭',NULL,'https://rr1---sn-3pm7dnez.c.drive.google.com/videoplayback?expire=1678354333&ei=XW8JZLmTI5iU-LYPxPOi4Ak&ip=211.106.114.186&cp=QVRMWkRfU1NRRFhPOlVFblVXa3dLZUpkRlFxTUtveDN3N2pYMHMxTEVYOFM3S2pjaWJMemszS2Q&id=11bc0bcb3b251d44&itag=22&source=webdrive&requiressl=yes&mh=wD&mm=32&mn=sn-3pm7dnez&ms=su&mv=m&mvi=1&pl=19&ttl=transient&susc=dr&driveid=1ZkxfrEhxJmzYPIC9F7AaGNcOB3EjIxQJ&app=explorer&mime=video/mp4&vprv=1&prv=1&dur=14.303&lmt=1678339600399463&mt=1678339497&subapp=DRIVE_WEB_FILE_VIEWER&txp=0011224&sparams=expire,ei,ip,cp,id,itag,source,requiressl,ttl,susc,driveid,app,mime,vprv,prv,dur,lmt&sig=AOq0QJ8wRgIhAPCQMB6av4gc_L-Tj6QHlbNJVltGDUAZVlPHNk_-8CbyAiEAuXqAMmpOOXnf-Lddphf6mhqbPmleuNeTI0jIZtAO64o=&lsparams=mh,mm,mn,ms,mv,mvi,pl&lsig=AG3C_xAwRQIhAIfLIxShMbhZLileZfFpiYYq3zOsEbVJ5kBYtqv0a-_dAiAaouiPooRofIxq23mYZ6XdcpSrjO66U-HHhZLHUhktcQ==&cpn=-wubrYHjywSg6Fs_&c=WEB_EMBEDDED_PLAYER&cver=1.20230305.00.00',2,NULL),(4,'하체 스트레칭',NULL,'https://rr1---sn-3pm7dnez.c.drive.google.com/videoplayback?expire=1678354333&ei=XW8JZLmTI5iU-LYPxPOi4Ak&ip=211.106.114.186&cp=QVRMWkRfU1NRRFhPOlVFblVXa3dLZUpkRlFxTUtveDN3N2pYMHMxTEVYOFM3S2pjaWJMemszS2Q&id=11bc0bcb3b251d44&itag=22&source=webdrive&requiressl=yes&mh=wD&mm=32&mn=sn-3pm7dnez&ms=su&mv=m&mvi=1&pl=19&ttl=transient&susc=dr&driveid=1ZkxfrEhxJmzYPIC9F7AaGNcOB3EjIxQJ&app=explorer&mime=video/mp4&vprv=1&prv=1&dur=14.303&lmt=1678339600399463&mt=1678339497&subapp=DRIVE_WEB_FILE_VIEWER&txp=0011224&sparams=expire,ei,ip,cp,id,itag,source,requiressl,ttl,susc,driveid,app,mime,vprv,prv,dur,lmt&sig=AOq0QJ8wRgIhAPCQMB6av4gc_L-Tj6QHlbNJVltGDUAZVlPHNk_-8CbyAiEAuXqAMmpOOXnf-Lddphf6mhqbPmleuNeTI0jIZtAO64o=&lsparams=mh,mm,mn,ms,mv,mvi,pl&lsig=AG3C_xAwRQIhAIfLIxShMbhZLileZfFpiYYq3zOsEbVJ5kBYtqv0a-_dAiAaouiPooRofIxq23mYZ6XdcpSrjO66U-HHhZLHUhktcQ==&cpn=-wubrYHjywSg6Fs_&c=WEB_EMBEDDED_PLAYER&cver=1.20230305.00.00',2,NULL),(5,'러닝머신은?',NULL,'https://rr1---sn-3pm7dnez.c.drive.google.com/videoplayback?expire=1678358002&ei=sn0JZKa1KuTf-LYPxZK_wAw&ip=211.106.114.186&cp=QVRMWkRfV1BOQ1hPOlVFbllUaHZLZUpkRlF1SkhueDN3N2pYNHA4S0VYOFM3S256ZmFMemszS2Q&id=11bc0bcb3b251d44&itag=22&source=webdrive&requiressl=yes&mh=wD&mm=32&mn=sn-3pm7dnez&ms=su&mv=m&mvi=1&pl=19&ttl=transient&susc=dr&driveid=1ZkxfrEhxJmzYPIC9F7AaGNcOB3EjIxQJ&app=explorer&mime=video/mp4&vprv=1&prv=1&dur=14.303&lmt=1678339600399463&mt=1678343325&subapp=DRIVE_WEB_FILE_VIEWER&txp=0011224&sparams=expire,ei,ip,cp,id,itag,source,requiressl,ttl,susc,driveid,app,mime,vprv,prv,dur,lmt&sig=AOq0QJ8wRgIhAMNi9AmWRkJ-i_3QKyR1P4sof3uwOM5m2FScVgLkETkGAiEAs8nKomyQidEwLzcs7lJG-ZE4bgo8pGYOlshMMehx0kQ=&lsparams=mh,mm,mn,ms,mv,mvi,pl&lsig=AG3C_xAwRQIgcKIeXAezGjq5lUpT_Ch-VRcj1VnDgn-GUitPm_1adJwCIQCvq5ZF8Yhz4h9mJ_TNHGyZX11h1tORcGY_hUHAcfMSbg==&cpn=41JugF3cC2PMYAQs&c=WEB_EMBEDDED_PLAYER&cver=1.20230305.00.00',3,NULL),(6,'로드의 차이',NULL,'https://rr1---sn-3pm7knel.c.drive.google.com/videoplayback?expire=1678358018&ei=wn0JZOvaL4OGp84P4JKD-Ag&ip=211.106.114.186&cp=QVRMWkRfV1BPSVhPOlVFbllUaWJLZUpkRlF1Skl0eDN3N2pYNHA5UUVYOFM3S256Z2dMemszS2Q&id=3f5ef3e6ddf3fe14&itag=22&source=webdrive&requiressl=yes&mh=pq&mm=32&mn=sn-3pm7knel&ms=su&mv=m&mvi=1&pl=19&ttl=transient&susc=dr&driveid=1x3VCBqqQL89BSth-VqfEnvNrxGU9En9O&app=explorer&mime=video/mp4&vprv=1&prv=1&dur=60.023&lmt=1678341960273168&mt=1678343325&subapp=DRIVE_WEB_FILE_VIEWER&txp=0011224&sparams=expire,ei,ip,cp,id,itag,source,requiressl,ttl,susc,driveid,app,mime,vprv,prv,dur,lmt&sig=AOq0QJ8wRQIhAPTEm5bCAnToEO_NVHi-6ggKSiiNvjWZVU9HCQ3_4XMTAiAyC2agDxH6RagdxDI0COBQfJ_ZMJ5sgJnI756NUr8Lnw==&lsparams=mh,mm,mn,ms,mv,mvi,pl&lsig=AG3C_xAwRAIgCDtNTi-q35Wam5_LNdB-LNXesqOSMQ2LTmY4pP3zFWQCIFzVPJZ3aBvpm8Mp2_TjtE_NLWPCsg-cPo8fVu4hLBra&cpn=9n2cfSaNVEaxphCf&c=WEB_EMBEDDED_PLAYER&cver=1.20230305.00.00',3,NULL),(7,'실내 수영장 안전교육',NULL,'https://rr3---sn-3pm7dnez.c.drive.google.com/videoplayback?expire=1678354263&ei=F28JZPGyAsii-LYPp5K3yAc&ip=211.106.114.186&cp=QVRMWkRfU1JURFhPOlVFblVWbndLZUpkRlFxTE5veDN3N2pYMHI0TEVYOFM3S2pibGJMemszS2Q&id=6b4fd72f9e5c4a85&itag=22&source=webdrive&requiressl=yes&mh=bS&mm=32&mn=sn-3pm7dnez&ms=su&mv=m&mvi=3&pl=19&ttl=transient&susc=dr&driveid=1fx8jR5Y4QbeIVRQMZqZolOatr1d1-y6c&app=explorer&mime=video/mp4&vprv=1&prv=1&dur=55.217&lmt=1678339551711561&mt=1678339497&subapp=DRIVE_WEB_FILE_VIEWER&txp=0016224&sparams=expire,ei,ip,cp,id,itag,source,requiressl,ttl,susc,driveid,app,mime,vprv,prv,dur,lmt&sig=AOq0QJ8wRQIgD-0f0t2ceAPREDc6wbDiGAf8TNcNbDhAHFFF-XlKSYMCIQD8lQHD4kLR5CWidpTZ6Wcba2nooHlo6sbWqg5iAxET9A==&lsparams=mh,mm,mn,ms,mv,mvi,pl&lsig=AG3C_xAwRQIgcuRz0iec98KtUAmOeY3B5HWojLaXGXoizdj2dOktogkCIQCvNbUKLmjSWVkTul_sUAJl9fZEpMC2fYyXoJ0fELXA2A==&cpn=aZ8WE-53S4cSPtE2&c=WEB_EMBEDDED_PLAYER&cver=1.20230305.00.00',4,NULL),(8,'실외 수영시 안전교육',NULL,'https://rr5---sn-3pm76nel.c.drive.google.com/videoplayback?expire=1678357957&ei=hX0JZPLjEbL0-LYPqbC4uA8&ip=211.106.114.186&cp=QVRMWkRfVllTSFhPOlVFblhDbWFLZUpkRlF0U01zeDN3N2pYM3kzUEVYOFM3S21pa2ZMemszS2Q&id=797d1448cc9d60ca&itag=22&source=webdrive&requiressl=yes&mh=LM&mm=32&mn=sn-3pm76nel&ms=su&mv=m&mvi=5&pl=19&ttl=transient&susc=dr&driveid=1D8vicA2Ej7LnPzyFoI9oUm3hWTtQEhNy&app=explorer&mime=video/mp4&vprv=1&prv=1&dur=27.585&lmt=1678341199841725&mt=1678343083&subapp=DRIVE_WEB_FILE_VIEWER&txp=0011224&sparams=expire,ei,ip,cp,id,itag,source,requiressl,ttl,susc,driveid,app,mime,vprv,prv,dur,lmt&sig=AOq0QJ8wRgIhANWEtrkCiECrrrll7emUYTcQf_Z4KFQuPb92zdxqxTCfAiEA0anuO98c1RtjFqIKirC-uuAwCF9M7QILUalSvrh_Tfw=&lsparams=mh,mm,mn,ms,mv,mvi,pl&lsig=AG3C_xAwRQIhAMLwjOc8m-WDO3sa1qvNh1bH3IMTN9TVwVdEkzaAxYnsAiAFt3Bqm8oTe1Xi4hGHsF4fhA9SgHTQtVc1lBGKdCF8JQ==&cpn=2Q32QFelLxRPP2ax&c=WEB_EMBEDDED_PLAYER&cver=1.20230305.00.00',4,NULL),(9,'자유영',NULL,'https://rr1---sn-3pm7dnez.c.drive.google.com/videoplayback?expire=1678354333&ei=XW8JZLmTI5iU-LYPxPOi4Ak&ip=211.106.114.186&cp=QVRMWkRfU1NRRFhPOlVFblVXa3dLZUpkRlFxTUtveDN3N2pYMHMxTEVYOFM3S2pjaWJMemszS2Q&id=11bc0bcb3b251d44&itag=22&source=webdrive&requiressl=yes&mh=wD&mm=32&mn=sn-3pm7dnez&ms=su&mv=m&mvi=1&pl=19&ttl=transient&susc=dr&driveid=1ZkxfrEhxJmzYPIC9F7AaGNcOB3EjIxQJ&app=explorer&mime=video/mp4&vprv=1&prv=1&dur=14.303&lmt=1678339600399463&mt=1678339497&subapp=DRIVE_WEB_FILE_VIEWER&txp=0011224&sparams=expire,ei,ip,cp,id,itag,source,requiressl,ttl,susc,driveid,app,mime,vprv,prv,dur,lmt&sig=AOq0QJ8wRgIhAPCQMB6av4gc_L-Tj6QHlbNJVltGDUAZVlPHNk_-8CbyAiEAuXqAMmpOOXnf-Lddphf6mhqbPmleuNeTI0jIZtAO64o=&lsparams=mh,mm,mn,ms,mv,mvi,pl&lsig=AG3C_xAwRQIhAIfLIxShMbhZLileZfFpiYYq3zOsEbVJ5kBYtqv0a-_dAiAaouiPooRofIxq23mYZ6XdcpSrjO66U-HHhZLHUhktcQ==&cpn=-wubrYHjywSg6Fs_&c=WEB_EMBEDDED_PLAYER&cver=1.20230305.00.00',5,NULL),(10,'배영',NULL,'https://rr1---sn-3pm7dnez.c.drive.google.com/videoplayback?expire=1678358002&ei=sn0JZKa1KuTf-LYPxZK_wAw&ip=211.106.114.186&cp=QVRMWkRfV1BOQ1hPOlVFbllUaHZLZUpkRlF1SkhueDN3N2pYNHA4S0VYOFM3S256ZmFMemszS2Q&id=11bc0bcb3b251d44&itag=22&source=webdrive&requiressl=yes&mh=wD&mm=32&mn=sn-3pm7dnez&ms=su&mv=m&mvi=1&pl=19&ttl=transient&susc=dr&driveid=1ZkxfrEhxJmzYPIC9F7AaGNcOB3EjIxQJ&app=explorer&mime=video/mp4&vprv=1&prv=1&dur=14.303&lmt=1678339600399463&mt=1678343325&subapp=DRIVE_WEB_FILE_VIEWER&txp=0011224&sparams=expire,ei,ip,cp,id,itag,source,requiressl,ttl,susc,driveid,app,mime,vprv,prv,dur,lmt&sig=AOq0QJ8wRgIhAMNi9AmWRkJ-i_3QKyR1P4sof3uwOM5m2FScVgLkETkGAiEAs8nKomyQidEwLzcs7lJG-ZE4bgo8pGYOlshMMehx0kQ=&lsparams=mh,mm,mn,ms,mv,mvi,pl&lsig=AG3C_xAwRQIgcKIeXAezGjq5lUpT_Ch-VRcj1VnDgn-GUitPm_1adJwCIQCvq5ZF8Yhz4h9mJ_TNHGyZX11h1tORcGY_hUHAcfMSbg==&cpn=41JugF3cC2PMYAQs&c=WEB_EMBEDDED_PLAYER&cver=1.20230305.00.00',5,NULL),(11,'평영',NULL,'https://rr1---sn-3pm7dnez.c.drive.google.com/videoplayback?expire=1678358002&ei=sn0JZKa1KuTf-LYPxZK_wAw&ip=211.106.114.186&cp=QVRMWkRfV1BOQ1hPOlVFbllUaHZLZUpkRlF1SkhueDN3N2pYNHA4S0VYOFM3S256ZmFMemszS2Q&id=11bc0bcb3b251d44&itag=22&source=webdrive&requiressl=yes&mh=wD&mm=32&mn=sn-3pm7dnez&ms=su&mv=m&mvi=1&pl=19&ttl=transient&susc=dr&driveid=1ZkxfrEhxJmzYPIC9F7AaGNcOB3EjIxQJ&app=explorer&mime=video/mp4&vprv=1&prv=1&dur=14.303&lmt=1678339600399463&mt=1678343325&subapp=DRIVE_WEB_FILE_VIEWER&txp=0011224&sparams=expire,ei,ip,cp,id,itag,source,requiressl,ttl,susc,driveid,app,mime,vprv,prv,dur,lmt&sig=AOq0QJ8wRgIhAMNi9AmWRkJ-i_3QKyR1P4sof3uwOM5m2FScVgLkETkGAiEAs8nKomyQidEwLzcs7lJG-ZE4bgo8pGYOlshMMehx0kQ=&lsparams=mh,mm,mn,ms,mv,mvi,pl&lsig=AG3C_xAwRQIgcKIeXAezGjq5lUpT_Ch-VRcj1VnDgn-GUitPm_1adJwCIQCvq5ZF8Yhz4h9mJ_TNHGyZX11h1tORcGY_hUHAcfMSbg==&cpn=41JugF3cC2PMYAQs&c=WEB_EMBEDDED_PLAYER&cver=1.20230305.00.00',6,NULL),(12,'접영',NULL,'https://rr1---sn-3pm7knel.c.drive.google.com/videoplayback?expire=1678358018&ei=wn0JZOvaL4OGp84P4JKD-Ag&ip=211.106.114.186&cp=QVRMWkRfV1BPSVhPOlVFbllUaWJLZUpkRlF1Skl0eDN3N2pYNHA5UUVYOFM3S256Z2dMemszS2Q&id=3f5ef3e6ddf3fe14&itag=22&source=webdrive&requiressl=yes&mh=pq&mm=32&mn=sn-3pm7knel&ms=su&mv=m&mvi=1&pl=19&ttl=transient&susc=dr&driveid=1x3VCBqqQL89BSth-VqfEnvNrxGU9En9O&app=explorer&mime=video/mp4&vprv=1&prv=1&dur=60.023&lmt=1678341960273168&mt=1678343325&subapp=DRIVE_WEB_FILE_VIEWER&txp=0011224&sparams=expire,ei,ip,cp,id,itag,source,requiressl,ttl,susc,driveid,app,mime,vprv,prv,dur,lmt&sig=AOq0QJ8wRQIhAPTEm5bCAnToEO_NVHi-6ggKSiiNvjWZVU9HCQ3_4XMTAiAyC2agDxH6RagdxDI0COBQfJ_ZMJ5sgJnI756NUr8Lnw==&lsparams=mh,mm,mn,ms,mv,mvi,pl&lsig=AG3C_xAwRAIgCDtNTi-q35Wam5_LNdB-LNXesqOSMQ2LTmY4pP3zFWQCIFzVPJZ3aBvpm8Mp2_TjtE_NLWPCsg-cPo8fVu4hLBra&cpn=9n2cfSaNVEaxphCf&c=WEB_EMBEDDED_PLAYER&cver=1.20230305.00.00',6,NULL),(13,'기본 스윙',NULL,'https://rr3---sn-3pm7dnez.c.drive.google.com/videoplayback?expire=1678354263&ei=F28JZPGyAsii-LYPp5K3yAc&ip=211.106.114.186&cp=QVRMWkRfU1JURFhPOlVFblVWbndLZUpkRlFxTE5veDN3N2pYMHI0TEVYOFM3S2pibGJMemszS2Q&id=6b4fd72f9e5c4a85&itag=22&source=webdrive&requiressl=yes&mh=bS&mm=32&mn=sn-3pm7dnez&ms=su&mv=m&mvi=3&pl=19&ttl=transient&susc=dr&driveid=1fx8jR5Y4QbeIVRQMZqZolOatr1d1-y6c&app=explorer&mime=video/mp4&vprv=1&prv=1&dur=55.217&lmt=1678339551711561&mt=1678339497&subapp=DRIVE_WEB_FILE_VIEWER&txp=0016224&sparams=expire,ei,ip,cp,id,itag,source,requiressl,ttl,susc,driveid,app,mime,vprv,prv,dur,lmt&sig=AOq0QJ8wRQIgD-0f0t2ceAPREDc6wbDiGAf8TNcNbDhAHFFF-XlKSYMCIQD8lQHD4kLR5CWidpTZ6Wcba2nooHlo6sbWqg5iAxET9A==&lsparams=mh,mm,mn,ms,mv,mvi,pl&lsig=AG3C_xAwRQIgcuRz0iec98KtUAmOeY3B5HWojLaXGXoizdj2dOktogkCIQCvNbUKLmjSWVkTul_sUAJl9fZEpMC2fYyXoJ0fELXA2A==&cpn=aZ8WE-53S4cSPtE2&c=WEB_EMBEDDED_PLAYER&cver=1.20230305.00.00',7,NULL),(14,'아이언 똑딱이',NULL,'https://rr5---sn-3pm76nel.c.drive.google.com/videoplayback?expire=1678357957&ei=hX0JZPLjEbL0-LYPqbC4uA8&ip=211.106.114.186&cp=QVRMWkRfVllTSFhPOlVFblhDbWFLZUpkRlF0U01zeDN3N2pYM3kzUEVYOFM3S21pa2ZMemszS2Q&id=797d1448cc9d60ca&itag=22&source=webdrive&requiressl=yes&mh=LM&mm=32&mn=sn-3pm76nel&ms=su&mv=m&mvi=5&pl=19&ttl=transient&susc=dr&driveid=1D8vicA2Ej7LnPzyFoI9oUm3hWTtQEhNy&app=explorer&mime=video/mp4&vprv=1&prv=1&dur=27.585&lmt=1678341199841725&mt=1678343083&subapp=DRIVE_WEB_FILE_VIEWER&txp=0011224&sparams=expire,ei,ip,cp,id,itag,source,requiressl,ttl,susc,driveid,app,mime,vprv,prv,dur,lmt&sig=AOq0QJ8wRgIhANWEtrkCiECrrrll7emUYTcQf_Z4KFQuPb92zdxqxTCfAiEA0anuO98c1RtjFqIKirC-uuAwCF9M7QILUalSvrh_Tfw=&lsparams=mh,mm,mn,ms,mv,mvi,pl&lsig=AG3C_xAwRQIhAMLwjOc8m-WDO3sa1qvNh1bH3IMTN9TVwVdEkzaAxYnsAiAFt3Bqm8oTe1Xi4hGHsF4fhA9SgHTQtVc1lBGKdCF8JQ==&cpn=2Q32QFelLxRPP2ax&c=WEB_EMBEDDED_PLAYER&cver=1.20230305.00.00',7,NULL),(15,'하프 아이언샷',NULL,'https://rr1---sn-3pm7dnez.c.drive.google.com/videoplayback?expire=1678354333&ei=XW8JZLmTI5iU-LYPxPOi4Ak&ip=211.106.114.186&cp=QVRMWkRfU1NRRFhPOlVFblVXa3dLZUpkRlFxTUtveDN3N2pYMHMxTEVYOFM3S2pjaWJMemszS2Q&id=11bc0bcb3b251d44&itag=22&source=webdrive&requiressl=yes&mh=wD&mm=32&mn=sn-3pm7dnez&ms=su&mv=m&mvi=1&pl=19&ttl=transient&susc=dr&driveid=1ZkxfrEhxJmzYPIC9F7AaGNcOB3EjIxQJ&app=explorer&mime=video/mp4&vprv=1&prv=1&dur=14.303&lmt=1678339600399463&mt=1678339497&subapp=DRIVE_WEB_FILE_VIEWER&txp=0011224&sparams=expire,ei,ip,cp,id,itag,source,requiressl,ttl,susc,driveid,app,mime,vprv,prv,dur,lmt&sig=AOq0QJ8wRgIhAPCQMB6av4gc_L-Tj6QHlbNJVltGDUAZVlPHNk_-8CbyAiEAuXqAMmpOOXnf-Lddphf6mhqbPmleuNeTI0jIZtAO64o=&lsparams=mh,mm,mn,ms,mv,mvi,pl&lsig=AG3C_xAwRQIhAIfLIxShMbhZLileZfFpiYYq3zOsEbVJ5kBYtqv0a-_dAiAaouiPooRofIxq23mYZ6XdcpSrjO66U-HHhZLHUhktcQ==&cpn=-wubrYHjywSg6Fs_&c=WEB_EMBEDDED_PLAYER&cver=1.20230305.00.00',8,NULL),(16,'풀 아이언샷',NULL,'https://rr1---sn-3pm7dnez.c.drive.google.com/videoplayback?expire=1678358002&ei=sn0JZKa1KuTf-LYPxZK_wAw&ip=211.106.114.186&cp=QVRMWkRfV1BOQ1hPOlVFbllUaHZLZUpkRlF1SkhueDN3N2pYNHA4S0VYOFM3S256ZmFMemszS2Q&id=11bc0bcb3b251d44&itag=22&source=webdrive&requiressl=yes&mh=wD&mm=32&mn=sn-3pm7dnez&ms=su&mv=m&mvi=1&pl=19&ttl=transient&susc=dr&driveid=1ZkxfrEhxJmzYPIC9F7AaGNcOB3EjIxQJ&app=explorer&mime=video/mp4&vprv=1&prv=1&dur=14.303&lmt=1678339600399463&mt=1678343325&subapp=DRIVE_WEB_FILE_VIEWER&txp=0011224&sparams=expire,ei,ip,cp,id,itag,source,requiressl,ttl,susc,driveid,app,mime,vprv,prv,dur,lmt&sig=AOq0QJ8wRgIhAMNi9AmWRkJ-i_3QKyR1P4sof3uwOM5m2FScVgLkETkGAiEAs8nKomyQidEwLzcs7lJG-ZE4bgo8pGYOlshMMehx0kQ=&lsparams=mh,mm,mn,ms,mv,mvi,pl&lsig=AG3C_xAwRQIgcKIeXAezGjq5lUpT_Ch-VRcj1VnDgn-GUitPm_1adJwCIQCvq5ZF8Yhz4h9mJ_TNHGyZX11h1tORcGY_hUHAcfMSbg==&cpn=41JugF3cC2PMYAQs&c=WEB_EMBEDDED_PLAYER&cver=1.20230305.00.00',8,NULL),(17,'드라이버샷',NULL,'https://rr1---sn-3pm7knel.c.drive.google.com/videoplayback?expire=1678358018&ei=wn0JZOvaL4OGp84P4JKD-Ag&ip=211.106.114.186&cp=QVRMWkRfV1BPSVhPOlVFbllUaWJLZUpkRlF1Skl0eDN3N2pYNHA5UUVYOFM3S256Z2dMemszS2Q&id=3f5ef3e6ddf3fe14&itag=22&source=webdrive&requiressl=yes&mh=pq&mm=32&mn=sn-3pm7knel&ms=su&mv=m&mvi=1&pl=19&ttl=transient&susc=dr&driveid=1x3VCBqqQL89BSth-VqfEnvNrxGU9En9O&app=explorer&mime=video/mp4&vprv=1&prv=1&dur=60.023&lmt=1678341960273168&mt=1678343325&subapp=DRIVE_WEB_FILE_VIEWER&txp=0011224&sparams=expire,ei,ip,cp,id,itag,source,requiressl,ttl,susc,driveid,app,mime,vprv,prv,dur,lmt&sig=AOq0QJ8wRQIhAPTEm5bCAnToEO_NVHi-6ggKSiiNvjWZVU9HCQ3_4XMTAiAyC2agDxH6RagdxDI0COBQfJ_ZMJ5sgJnI756NUr8Lnw==&lsparams=mh,mm,mn,ms,mv,mvi,pl&lsig=AG3C_xAwRAIgCDtNTi-q35Wam5_LNdB-LNXesqOSMQ2LTmY4pP3zFWQCIFzVPJZ3aBvpm8Mp2_TjtE_NLWPCsg-cPo8fVu4hLBra&cpn=9n2cfSaNVEaxphCf&c=WEB_EMBEDDED_PLAYER&cver=1.20230305.00.00',9,NULL),(18,'퍼팅의 모든것',NULL,'https://rr2---sn-3pm7dne6.c.drive.google.com/videoplayback?expire=1678355365&ei=ZXMJZNLcNJChrvIP2biL6AM&ip=211.106.114.186&cp=QVRMWkRfVFNURlhPOlVFblZXbnlLZUpkRlFyTU5xeDN3N2pYMXM0TkVYOFM3S2tjbGRMemszS2Q&id=9ad557e47815123e&itag=22&source=webdrive&requiressl=yes&mh=b6&mm=32&mn=sn-3pm7dne6&ms=su&mv=m&mvi=2&pl=19&ttl=transient&susc=dr&driveid=1mLjs3YYxRasYuu-m5LEILbFK5tFLbSRQ&app=explorer&mime=video/mp4&vprv=1&prv=1&dur=10.890&lmt=1678340710175364&mt=1678340689&subapp=DRIVE_WEB_FILE_VIEWER&txp=0011224&sparams=expire,ei,ip,cp,id,itag,source,requiressl,ttl,susc,driveid,app,mime,vprv,prv,dur,lmt&sig=AOq0QJ8wRQIgA2oYr45PcFjhoqtPp5qz2H0dYh_uxwUVPgb_6T4Gr_8CIQD-itQw021S-qj3I76y_pA7QcC7pxvSrnM4niRTFD8llw==&lsparams=mh,mm,mn,ms,mv,mvi,pl&lsig=AG3C_xAwRgIhAO9naA1uJ3X_XsJq4ykJLUbm8xmBMmAjBQfUCQ3LQTASAiEAvJpbHXhdR6H9CTsx6xqVs610UA47jsY6OfqSpKy6Yjw=&cpn=2DvxAcHiUs4DCQKl&c=WEB_EMBEDDED_PLAYER&cver=1.20230305.00.00',9,NULL),(19,'테니스 스윙',NULL,'https://rr3---sn-3pm7dnez.c.drive.google.com/videoplayback?expire=1678354263&ei=F28JZPGyAsii-LYPp5K3yAc&ip=211.106.114.186&cp=QVRMWkRfU1JURFhPOlVFblVWbndLZUpkRlFxTE5veDN3N2pYMHI0TEVYOFM3S2pibGJMemszS2Q&id=6b4fd72f9e5c4a85&itag=22&source=webdrive&requiressl=yes&mh=bS&mm=32&mn=sn-3pm7dnez&ms=su&mv=m&mvi=3&pl=19&ttl=transient&susc=dr&driveid=1fx8jR5Y4QbeIVRQMZqZolOatr1d1-y6c&app=explorer&mime=video/mp4&vprv=1&prv=1&dur=55.217&lmt=1678339551711561&mt=1678339497&subapp=DRIVE_WEB_FILE_VIEWER&txp=0016224&sparams=expire,ei,ip,cp,id,itag,source,requiressl,ttl,susc,driveid,app,mime,vprv,prv,dur,lmt&sig=AOq0QJ8wRQIgD-0f0t2ceAPREDc6wbDiGAf8TNcNbDhAHFFF-XlKSYMCIQD8lQHD4kLR5CWidpTZ6Wcba2nooHlo6sbWqg5iAxET9A==&lsparams=mh,mm,mn,ms,mv,mvi,pl&lsig=AG3C_xAwRQIgcuRz0iec98KtUAmOeY3B5HWojLaXGXoizdj2dOktogkCIQCvNbUKLmjSWVkTul_sUAJl9fZEpMC2fYyXoJ0fELXA2A==&cpn=aZ8WE-53S4cSPtE2&c=WEB_EMBEDDED_PLAYER&cver=1.20230305.00.00',10,NULL),(20,'공 맞추기',NULL,'https://rr5---sn-3pm76nel.c.drive.google.com/videoplayback?expire=1678357957&ei=hX0JZPLjEbL0-LYPqbC4uA8&ip=211.106.114.186&cp=QVRMWkRfVllTSFhPOlVFblhDbWFLZUpkRlF0U01zeDN3N2pYM3kzUEVYOFM3S21pa2ZMemszS2Q&id=797d1448cc9d60ca&itag=22&source=webdrive&requiressl=yes&mh=LM&mm=32&mn=sn-3pm76nel&ms=su&mv=m&mvi=5&pl=19&ttl=transient&susc=dr&driveid=1D8vicA2Ej7LnPzyFoI9oUm3hWTtQEhNy&app=explorer&mime=video/mp4&vprv=1&prv=1&dur=27.585&lmt=1678341199841725&mt=1678343083&subapp=DRIVE_WEB_FILE_VIEWER&txp=0011224&sparams=expire,ei,ip,cp,id,itag,source,requiressl,ttl,susc,driveid,app,mime,vprv,prv,dur,lmt&sig=AOq0QJ8wRgIhANWEtrkCiECrrrll7emUYTcQf_Z4KFQuPb92zdxqxTCfAiEA0anuO98c1RtjFqIKirC-uuAwCF9M7QILUalSvrh_Tfw=&lsparams=mh,mm,mn,ms,mv,mvi,pl&lsig=AG3C_xAwRQIhAMLwjOc8m-WDO3sa1qvNh1bH3IMTN9TVwVdEkzaAxYnsAiAFt3Bqm8oTe1Xi4hGHsF4fhA9SgHTQtVc1lBGKdCF8JQ==&cpn=2Q32QFelLxRPP2ax&c=WEB_EMBEDDED_PLAYER&cver=1.20230305.00.00',10,NULL),(21,'그랜드 슬래머',NULL,'https://rr1---sn-3pm7dnez.c.drive.google.com/videoplayback?expire=1678354333&ei=XW8JZLmTI5iU-LYPxPOi4Ak&ip=211.106.114.186&cp=QVRMWkRfU1NRRFhPOlVFblVXa3dLZUpkRlFxTUtveDN3N2pYMHMxTEVYOFM3S2pjaWJMemszS2Q&id=11bc0bcb3b251d44&itag=22&source=webdrive&requiressl=yes&mh=wD&mm=32&mn=sn-3pm7dnez&ms=su&mv=m&mvi=1&pl=19&ttl=transient&susc=dr&driveid=1ZkxfrEhxJmzYPIC9F7AaGNcOB3EjIxQJ&app=explorer&mime=video/mp4&vprv=1&prv=1&dur=14.303&lmt=1678339600399463&mt=1678339497&subapp=DRIVE_WEB_FILE_VIEWER&txp=0011224&sparams=expire,ei,ip,cp,id,itag,source,requiressl,ttl,susc,driveid,app,mime,vprv,prv,dur,lmt&sig=AOq0QJ8wRgIhAPCQMB6av4gc_L-Tj6QHlbNJVltGDUAZVlPHNk_-8CbyAiEAuXqAMmpOOXnf-Lddphf6mhqbPmleuNeTI0jIZtAO64o=&lsparams=mh,mm,mn,ms,mv,mvi,pl&lsig=AG3C_xAwRQIhAIfLIxShMbhZLileZfFpiYYq3zOsEbVJ5kBYtqv0a-_dAiAaouiPooRofIxq23mYZ6XdcpSrjO66U-HHhZLHUhktcQ==&cpn=-wubrYHjywSg6Fs_&c=WEB_EMBEDDED_PLAYER&cver=1.20230305.00.00',11,NULL),(22,'낫업',NULL,'https://rr1---sn-3pm7dnez.c.drive.google.com/videoplayback?expire=1678358002&ei=sn0JZKa1KuTf-LYPxZK_wAw&ip=211.106.114.186&cp=QVRMWkRfV1BOQ1hPOlVFbllUaHZLZUpkRlF1SkhueDN3N2pYNHA4S0VYOFM3S256ZmFMemszS2Q&id=11bc0bcb3b251d44&itag=22&source=webdrive&requiressl=yes&mh=wD&mm=32&mn=sn-3pm7dnez&ms=su&mv=m&mvi=1&pl=19&ttl=transient&susc=dr&driveid=1ZkxfrEhxJmzYPIC9F7AaGNcOB3EjIxQJ&app=explorer&mime=video/mp4&vprv=1&prv=1&dur=14.303&lmt=1678339600399463&mt=1678343325&subapp=DRIVE_WEB_FILE_VIEWER&txp=0011224&sparams=expire,ei,ip,cp,id,itag,source,requiressl,ttl,susc,driveid,app,mime,vprv,prv,dur,lmt&sig=AOq0QJ8wRgIhAMNi9AmWRkJ-i_3QKyR1P4sof3uwOM5m2FScVgLkETkGAiEAs8nKomyQidEwLzcs7lJG-ZE4bgo8pGYOlshMMehx0kQ=&lsparams=mh,mm,mn,ms,mv,mvi,pl&lsig=AG3C_xAwRQIgcKIeXAezGjq5lUpT_Ch-VRcj1VnDgn-GUitPm_1adJwCIQCvq5ZF8Yhz4h9mJ_TNHGyZX11h1tORcGY_hUHAcfMSbg==&cpn=41JugF3cC2PMYAQs&c=WEB_EMBEDDED_PLAYER&cver=1.20230305.00.00',11,NULL),(23,'테니스 고급기술',NULL,'https://rr1---sn-3pm7dnez.c.drive.google.com/videoplayback?expire=1678358002&ei=sn0JZKa1KuTf-LYPxZK_wAw&ip=211.106.114.186&cp=QVRMWkRfV1BOQ1hPOlVFbllUaHZLZUpkRlF1SkhueDN3N2pYNHA4S0VYOFM3S256ZmFMemszS2Q&id=11bc0bcb3b251d44&itag=22&source=webdrive&requiressl=yes&mh=wD&mm=32&mn=sn-3pm7dnez&ms=su&mv=m&mvi=1&pl=19&ttl=transient&susc=dr&driveid=1ZkxfrEhxJmzYPIC9F7AaGNcOB3EjIxQJ&app=explorer&mime=video/mp4&vprv=1&prv=1&dur=14.303&lmt=1678339600399463&mt=1678343325&subapp=DRIVE_WEB_FILE_VIEWER&txp=0011224&sparams=expire,ei,ip,cp,id,itag,source,requiressl,ttl,susc,driveid,app,mime,vprv,prv,dur,lmt&sig=AOq0QJ8wRgIhAMNi9AmWRkJ-i_3QKyR1P4sof3uwOM5m2FScVgLkETkGAiEAs8nKomyQidEwLzcs7lJG-ZE4bgo8pGYOlshMMehx0kQ=&lsparams=mh,mm,mn,ms,mv,mvi,pl&lsig=AG3C_xAwRQIgcKIeXAezGjq5lUpT_Ch-VRcj1VnDgn-GUitPm_1adJwCIQCvq5ZF8Yhz4h9mJ_TNHGyZX11h1tORcGY_hUHAcfMSbg==&cpn=41JugF3cC2PMYAQs&c=WEB_EMBEDDED_PLAYER&cver=1.20230305.00.00',12,NULL),(24,'테니스 게임 전략',NULL,'https://rr1---sn-3pm7knel.c.drive.google.com/videoplayback?expire=1678358018&ei=wn0JZOvaL4OGp84P4JKD-Ag&ip=211.106.114.186&cp=QVRMWkRfV1BPSVhPOlVFbllUaWJLZUpkRlF1Skl0eDN3N2pYNHA5UUVYOFM3S256Z2dMemszS2Q&id=3f5ef3e6ddf3fe14&itag=22&source=webdrive&requiressl=yes&mh=pq&mm=32&mn=sn-3pm7knel&ms=su&mv=m&mvi=1&pl=19&ttl=transient&susc=dr&driveid=1x3VCBqqQL89BSth-VqfEnvNrxGU9En9O&app=explorer&mime=video/mp4&vprv=1&prv=1&dur=60.023&lmt=1678341960273168&mt=1678343325&subapp=DRIVE_WEB_FILE_VIEWER&txp=0011224&sparams=expire,ei,ip,cp,id,itag,source,requiressl,ttl,susc,driveid,app,mime,vprv,prv,dur,lmt&sig=AOq0QJ8wRQIhAPTEm5bCAnToEO_NVHi-6ggKSiiNvjWZVU9HCQ3_4XMTAiAyC2agDxH6RagdxDI0COBQfJ_ZMJ5sgJnI756NUr8Lnw==&lsparams=mh,mm,mn,ms,mv,mvi,pl&lsig=AG3C_xAwRAIgCDtNTi-q35Wam5_LNdB-LNXesqOSMQ2LTmY4pP3zFWQCIFzVPJZ3aBvpm8Mp2_TjtE_NLWPCsg-cPo8fVu4hLBra&cpn=9n2cfSaNVEaxphCf&c=WEB_EMBEDDED_PLAYER&cver=1.20230305.00.00',12,NULL),(25,'컴퓨터적인 사고방식',NULL,'https://rr3---sn-3pm7dnez.c.drive.google.com/videoplayback?expire=1678354263&ei=F28JZPGyAsii-LYPp5K3yAc&ip=211.106.114.186&cp=QVRMWkRfU1JURFhPOlVFblVWbndLZUpkRlFxTE5veDN3N2pYMHI0TEVYOFM3S2pibGJMemszS2Q&id=6b4fd72f9e5c4a85&itag=22&source=webdrive&requiressl=yes&mh=bS&mm=32&mn=sn-3pm7dnez&ms=su&mv=m&mvi=3&pl=19&ttl=transient&susc=dr&driveid=1fx8jR5Y4QbeIVRQMZqZolOatr1d1-y6c&app=explorer&mime=video/mp4&vprv=1&prv=1&dur=55.217&lmt=1678339551711561&mt=1678339497&subapp=DRIVE_WEB_FILE_VIEWER&txp=0016224&sparams=expire,ei,ip,cp,id,itag,source,requiressl,ttl,susc,driveid,app,mime,vprv,prv,dur,lmt&sig=AOq0QJ8wRQIgD-0f0t2ceAPREDc6wbDiGAf8TNcNbDhAHFFF-XlKSYMCIQD8lQHD4kLR5CWidpTZ6Wcba2nooHlo6sbWqg5iAxET9A==&lsparams=mh,mm,mn,ms,mv,mvi,pl&lsig=AG3C_xAwRQIgcuRz0iec98KtUAmOeY3B5HWojLaXGXoizdj2dOktogkCIQCvNbUKLmjSWVkTul_sUAJl9fZEpMC2fYyXoJ0fELXA2A==&cpn=aZ8WE-53S4cSPtE2&c=WEB_EMBEDDED_PLAYER&cver=1.20230305.00.00',13,NULL),(26,'인터넷의 역사',NULL,'https://rr5---sn-3pm76nel.c.drive.google.com/videoplayback?expire=1678357957&ei=hX0JZPLjEbL0-LYPqbC4uA8&ip=211.106.114.186&cp=QVRMWkRfVllTSFhPOlVFblhDbWFLZUpkRlF0U01zeDN3N2pYM3kzUEVYOFM3S21pa2ZMemszS2Q&id=797d1448cc9d60ca&itag=22&source=webdrive&requiressl=yes&mh=LM&mm=32&mn=sn-3pm76nel&ms=su&mv=m&mvi=5&pl=19&ttl=transient&susc=dr&driveid=1D8vicA2Ej7LnPzyFoI9oUm3hWTtQEhNy&app=explorer&mime=video/mp4&vprv=1&prv=1&dur=27.585&lmt=1678341199841725&mt=1678343083&subapp=DRIVE_WEB_FILE_VIEWER&txp=0011224&sparams=expire,ei,ip,cp,id,itag,source,requiressl,ttl,susc,driveid,app,mime,vprv,prv,dur,lmt&sig=AOq0QJ8wRgIhANWEtrkCiECrrrll7emUYTcQf_Z4KFQuPb92zdxqxTCfAiEA0anuO98c1RtjFqIKirC-uuAwCF9M7QILUalSvrh_Tfw=&lsparams=mh,mm,mn,ms,mv,mvi,pl&lsig=AG3C_xAwRQIhAMLwjOc8m-WDO3sa1qvNh1bH3IMTN9TVwVdEkzaAxYnsAiAFt3Bqm8oTe1Xi4hGHsF4fhA9SgHTQtVc1lBGKdCF8JQ==&cpn=2Q32QFelLxRPP2ax&c=WEB_EMBEDDED_PLAYER&cver=1.20230305.00.00',13,NULL),(27,'테이블설계',NULL,'https://rr1---sn-3pm7dnez.c.drive.google.com/videoplayback?expire=1678354333&ei=XW8JZLmTI5iU-LYPxPOi4Ak&ip=211.106.114.186&cp=QVRMWkRfU1NRRFhPOlVFblVXa3dLZUpkRlFxTUtveDN3N2pYMHMxTEVYOFM3S2pjaWJMemszS2Q&id=11bc0bcb3b251d44&itag=22&source=webdrive&requiressl=yes&mh=wD&mm=32&mn=sn-3pm7dnez&ms=su&mv=m&mvi=1&pl=19&ttl=transient&susc=dr&driveid=1ZkxfrEhxJmzYPIC9F7AaGNcOB3EjIxQJ&app=explorer&mime=video/mp4&vprv=1&prv=1&dur=14.303&lmt=1678339600399463&mt=1678339497&subapp=DRIVE_WEB_FILE_VIEWER&txp=0011224&sparams=expire,ei,ip,cp,id,itag,source,requiressl,ttl,susc,driveid,app,mime,vprv,prv,dur,lmt&sig=AOq0QJ8wRgIhAPCQMB6av4gc_L-Tj6QHlbNJVltGDUAZVlPHNk_-8CbyAiEAuXqAMmpOOXnf-Lddphf6mhqbPmleuNeTI0jIZtAO64o=&lsparams=mh,mm,mn,ms,mv,mvi,pl&lsig=AG3C_xAwRQIhAIfLIxShMbhZLileZfFpiYYq3zOsEbVJ5kBYtqv0a-_dAiAaouiPooRofIxq23mYZ6XdcpSrjO66U-HHhZLHUhktcQ==&cpn=-wubrYHjywSg6Fs_&c=WEB_EMBEDDED_PLAYER&cver=1.20230305.00.00',14,NULL),(28,'mysl의 활용',NULL,'https://rr1---sn-3pm7dnez.c.drive.google.com/videoplayback?expire=1678358002&ei=sn0JZKa1KuTf-LYPxZK_wAw&ip=211.106.114.186&cp=QVRMWkRfV1BOQ1hPOlVFbllUaHZLZUpkRlF1SkhueDN3N2pYNHA4S0VYOFM3S256ZmFMemszS2Q&id=11bc0bcb3b251d44&itag=22&source=webdrive&requiressl=yes&mh=wD&mm=32&mn=sn-3pm7dnez&ms=su&mv=m&mvi=1&pl=19&ttl=transient&susc=dr&driveid=1ZkxfrEhxJmzYPIC9F7AaGNcOB3EjIxQJ&app=explorer&mime=video/mp4&vprv=1&prv=1&dur=14.303&lmt=1678339600399463&mt=1678343325&subapp=DRIVE_WEB_FILE_VIEWER&txp=0011224&sparams=expire,ei,ip,cp,id,itag,source,requiressl,ttl,susc,driveid,app,mime,vprv,prv,dur,lmt&sig=AOq0QJ8wRgIhAMNi9AmWRkJ-i_3QKyR1P4sof3uwOM5m2FScVgLkETkGAiEAs8nKomyQidEwLzcs7lJG-ZE4bgo8pGYOlshMMehx0kQ=&lsparams=mh,mm,mn,ms,mv,mvi,pl&lsig=AG3C_xAwRQIgcKIeXAezGjq5lUpT_Ch-VRcj1VnDgn-GUitPm_1adJwCIQCvq5ZF8Yhz4h9mJ_TNHGyZX11h1tORcGY_hUHAcfMSbg==&cpn=41JugF3cC2PMYAQs&c=WEB_EMBEDDED_PLAYER&cver=1.20230305.00.00',14,NULL),(29,'terminal의 목적과 이해',NULL,'https://rr1---sn-3pm7knel.c.drive.google.com/videoplayback?expire=1678358018&ei=wn0JZOvaL4OGp84P4JKD-Ag&ip=211.106.114.186&cp=QVRMWkRfV1BPSVhPOlVFbllUaWJLZUpkRlF1Skl0eDN3N2pYNHA5UUVYOFM3S256Z2dMemszS2Q&id=3f5ef3e6ddf3fe14&itag=22&source=webdrive&requiressl=yes&mh=pq&mm=32&mn=sn-3pm7knel&ms=su&mv=m&mvi=1&pl=19&ttl=transient&susc=dr&driveid=1x3VCBqqQL89BSth-VqfEnvNrxGU9En9O&app=explorer&mime=video/mp4&vprv=1&prv=1&dur=60.023&lmt=1678341960273168&mt=1678343325&subapp=DRIVE_WEB_FILE_VIEWER&txp=0011224&sparams=expire,ei,ip,cp,id,itag,source,requiressl,ttl,susc,driveid,app,mime,vprv,prv,dur,lmt&sig=AOq0QJ8wRQIhAPTEm5bCAnToEO_NVHi-6ggKSiiNvjWZVU9HCQ3_4XMTAiAyC2agDxH6RagdxDI0COBQfJ_ZMJ5sgJnI756NUr8Lnw==&lsparams=mh,mm,mn,ms,mv,mvi,pl&lsig=AG3C_xAwRAIgCDtNTi-q35Wam5_LNdB-LNXesqOSMQ2LTmY4pP3zFWQCIFzVPJZ3aBvpm8Mp2_TjtE_NLWPCsg-cPo8fVu4hLBra&cpn=9n2cfSaNVEaxphCf&c=WEB_EMBEDDED_PLAYER&cver=1.20230305.00.00',15,NULL),(30,'node.js의 활용과 terminal을 이용한 통신',NULL,'https://rr2---sn-3pm7dne6.c.drive.google.com/videoplayback?expire=1678355365&ei=ZXMJZNLcNJChrvIP2biL6AM&ip=211.106.114.186&cp=QVRMWkRfVFNURlhPOlVFblZXbnlLZUpkRlFyTU5xeDN3N2pYMXM0TkVYOFM3S2tjbGRMemszS2Q&id=9ad557e47815123e&itag=22&source=webdrive&requiressl=yes&mh=b6&mm=32&mn=sn-3pm7dne6&ms=su&mv=m&mvi=2&pl=19&ttl=transient&susc=dr&driveid=1mLjs3YYxRasYuu-m5LEILbFK5tFLbSRQ&app=explorer&mime=video/mp4&vprv=1&prv=1&dur=10.890&lmt=1678340710175364&mt=1678340689&subapp=DRIVE_WEB_FILE_VIEWER&txp=0011224&sparams=expire,ei,ip,cp,id,itag,source,requiressl,ttl,susc,driveid,app,mime,vprv,prv,dur,lmt&sig=AOq0QJ8wRQIgA2oYr45PcFjhoqtPp5qz2H0dYh_uxwUVPgb_6T4Gr_8CIQD-itQw021S-qj3I76y_pA7QcC7pxvSrnM4niRTFD8llw==&lsparams=mh,mm,mn,ms,mv,mvi,pl&lsig=AG3C_xAwRgIhAO9naA1uJ3X_XsJq4ykJLUbm8xmBMmAjBQfUCQ3LQTASAiEAvJpbHXhdR6H9CTsx6xqVs610UA47jsY6OfqSpKy6Yjw=&cpn=2DvxAcHiUs4DCQKl&c=WEB_EMBEDDED_PLAYER&cver=1.20230305.00.00',15,NULL),(31,'보안코드의 구조',NULL,'https://rr3---sn-3pm7dnez.c.drive.google.com/videoplayback?expire=1678354263&ei=F28JZPGyAsii-LYPp5K3yAc&ip=211.106.114.186&cp=QVRMWkRfU1JURFhPOlVFblVWbndLZUpkRlFxTE5veDN3N2pYMHI0TEVYOFM3S2pibGJMemszS2Q&id=6b4fd72f9e5c4a85&itag=22&source=webdrive&requiressl=yes&mh=bS&mm=32&mn=sn-3pm7dnez&ms=su&mv=m&mvi=3&pl=19&ttl=transient&susc=dr&driveid=1fx8jR5Y4QbeIVRQMZqZolOatr1d1-y6c&app=explorer&mime=video/mp4&vprv=1&prv=1&dur=55.217&lmt=1678339551711561&mt=1678339497&subapp=DRIVE_WEB_FILE_VIEWER&txp=0016224&sparams=expire,ei,ip,cp,id,itag,source,requiressl,ttl,susc,driveid,app,mime,vprv,prv,dur,lmt&sig=AOq0QJ8wRQIgD-0f0t2ceAPREDc6wbDiGAf8TNcNbDhAHFFF-XlKSYMCIQD8lQHD4kLR5CWidpTZ6Wcba2nooHlo6sbWqg5iAxET9A==&lsparams=mh,mm,mn,ms,mv,mvi,pl&lsig=AG3C_xAwRQIgcuRz0iec98KtUAmOeY3B5HWojLaXGXoizdj2dOktogkCIQCvNbUKLmjSWVkTul_sUAJl9fZEpMC2fYyXoJ0fELXA2A==&cpn=aZ8WE-53S4cSPtE2&c=WEB_EMBEDDED_PLAYER&cver=1.20230305.00.00',16,NULL),(32,'decode와 보안 코드의 관계성',NULL,'https://rr5---sn-3pm76nel.c.drive.google.com/videoplayback?expire=1678357957&ei=hX0JZPLjEbL0-LYPqbC4uA8&ip=211.106.114.186&cp=QVRMWkRfVllTSFhPOlVFblhDbWFLZUpkRlF0U01zeDN3N2pYM3kzUEVYOFM3S21pa2ZMemszS2Q&id=797d1448cc9d60ca&itag=22&source=webdrive&requiressl=yes&mh=LM&mm=32&mn=sn-3pm76nel&ms=su&mv=m&mvi=5&pl=19&ttl=transient&susc=dr&driveid=1D8vicA2Ej7LnPzyFoI9oUm3hWTtQEhNy&app=explorer&mime=video/mp4&vprv=1&prv=1&dur=27.585&lmt=1678341199841725&mt=1678343083&subapp=DRIVE_WEB_FILE_VIEWER&txp=0011224&sparams=expire,ei,ip,cp,id,itag,source,requiressl,ttl,susc,driveid,app,mime,vprv,prv,dur,lmt&sig=AOq0QJ8wRgIhANWEtrkCiECrrrll7emUYTcQf_Z4KFQuPb92zdxqxTCfAiEA0anuO98c1RtjFqIKirC-uuAwCF9M7QILUalSvrh_Tfw=&lsparams=mh,mm,mn,ms,mv,mvi,pl&lsig=AG3C_xAwRQIhAMLwjOc8m-WDO3sa1qvNh1bH3IMTN9TVwVdEkzaAxYnsAiAFt3Bqm8oTe1Xi4hGHsF4fhA9SgHTQtVc1lBGKdCF8JQ==&cpn=2Q32QFelLxRPP2ax&c=WEB_EMBEDDED_PLAYER&cver=1.20230305.00.00',16,NULL),(33,'해킹,해커의 유형',NULL,'https://rr1---sn-3pm7dnez.c.drive.google.com/videoplayback?expire=1678354333&ei=XW8JZLmTI5iU-LYPxPOi4Ak&ip=211.106.114.186&cp=QVRMWkRfU1NRRFhPOlVFblVXa3dLZUpkRlFxTUtveDN3N2pYMHMxTEVYOFM3S2pjaWJMemszS2Q&id=11bc0bcb3b251d44&itag=22&source=webdrive&requiressl=yes&mh=wD&mm=32&mn=sn-3pm7dnez&ms=su&mv=m&mvi=1&pl=19&ttl=transient&susc=dr&driveid=1ZkxfrEhxJmzYPIC9F7AaGNcOB3EjIxQJ&app=explorer&mime=video/mp4&vprv=1&prv=1&dur=14.303&lmt=1678339600399463&mt=1678339497&subapp=DRIVE_WEB_FILE_VIEWER&txp=0011224&sparams=expire,ei,ip,cp,id,itag,source,requiressl,ttl,susc,driveid,app,mime,vprv,prv,dur,lmt&sig=AOq0QJ8wRgIhAPCQMB6av4gc_L-Tj6QHlbNJVltGDUAZVlPHNk_-8CbyAiEAuXqAMmpOOXnf-Lddphf6mhqbPmleuNeTI0jIZtAO64o=&lsparams=mh,mm,mn,ms,mv,mvi,pl&lsig=AG3C_xAwRQIhAIfLIxShMbhZLileZfFpiYYq3zOsEbVJ5kBYtqv0a-_dAiAaouiPooRofIxq23mYZ6XdcpSrjO66U-HHhZLHUhktcQ==&cpn=-wubrYHjywSg6Fs_&c=WEB_EMBEDDED_PLAYER&cver=1.20230305.00.00',17,NULL),(34,'해킹에 취약한 장치',NULL,'https://rr1---sn-3pm7dnez.c.drive.google.com/videoplayback?expire=1678358002&ei=sn0JZKa1KuTf-LYPxZK_wAw&ip=211.106.114.186&cp=QVRMWkRfV1BOQ1hPOlVFbllUaHZLZUpkRlF1SkhueDN3N2pYNHA4S0VYOFM3S256ZmFMemszS2Q&id=11bc0bcb3b251d44&itag=22&source=webdrive&requiressl=yes&mh=wD&mm=32&mn=sn-3pm7dnez&ms=su&mv=m&mvi=1&pl=19&ttl=transient&susc=dr&driveid=1ZkxfrEhxJmzYPIC9F7AaGNcOB3EjIxQJ&app=explorer&mime=video/mp4&vprv=1&prv=1&dur=14.303&lmt=1678339600399463&mt=1678343325&subapp=DRIVE_WEB_FILE_VIEWER&txp=0011224&sparams=expire,ei,ip,cp,id,itag,source,requiressl,ttl,susc,driveid,app,mime,vprv,prv,dur,lmt&sig=AOq0QJ8wRgIhAMNi9AmWRkJ-i_3QKyR1P4sof3uwOM5m2FScVgLkETkGAiEAs8nKomyQidEwLzcs7lJG-ZE4bgo8pGYOlshMMehx0kQ=&lsparams=mh,mm,mn,ms,mv,mvi,pl&lsig=AG3C_xAwRQIgcKIeXAezGjq5lUpT_Ch-VRcj1VnDgn-GUitPm_1adJwCIQCvq5ZF8Yhz4h9mJ_TNHGyZX11h1tORcGY_hUHAcfMSbg==&cpn=41JugF3cC2PMYAQs&c=WEB_EMBEDDED_PLAYER&cver=1.20230305.00.00',17,NULL),(35,'윤리적 해킹이란?',NULL,'https://rr1---sn-3pm7knel.c.drive.google.com/videoplayback?expire=1678358018&ei=wn0JZOvaL4OGp84P4JKD-Ag&ip=211.106.114.186&cp=QVRMWkRfV1BPSVhPOlVFbllUaWJLZUpkRlF1Skl0eDN3N2pYNHA5UUVYOFM3S256Z2dMemszS2Q&id=3f5ef3e6ddf3fe14&itag=22&source=webdrive&requiressl=yes&mh=pq&mm=32&mn=sn-3pm7knel&ms=su&mv=m&mvi=1&pl=19&ttl=transient&susc=dr&driveid=1x3VCBqqQL89BSth-VqfEnvNrxGU9En9O&app=explorer&mime=video/mp4&vprv=1&prv=1&dur=60.023&lmt=1678341960273168&mt=1678343325&subapp=DRIVE_WEB_FILE_VIEWER&txp=0011224&sparams=expire,ei,ip,cp,id,itag,source,requiressl,ttl,susc,driveid,app,mime,vprv,prv,dur,lmt&sig=AOq0QJ8wRQIhAPTEm5bCAnToEO_NVHi-6ggKSiiNvjWZVU9HCQ3_4XMTAiAyC2agDxH6RagdxDI0COBQfJ_ZMJ5sgJnI756NUr8Lnw==&lsparams=mh,mm,mn,ms,mv,mvi,pl&lsig=AG3C_xAwRAIgCDtNTi-q35Wam5_LNdB-LNXesqOSMQ2LTmY4pP3zFWQCIFzVPJZ3aBvpm8Mp2_TjtE_NLWPCsg-cPo8fVu4hLBra&cpn=9n2cfSaNVEaxphCf&c=WEB_EMBEDDED_PLAYER&cver=1.20230305.00.00',18,NULL),(36,'해킹 방지',NULL,'https://rr1---sn-3pm7dnez.c.drive.google.com/videoplayback?expire=1678358002&ei=sn0JZKa1KuTf-LYPxZK_wAw&ip=211.106.114.186&cp=QVRMWkRfV1BOQ1hPOlVFbllUaHZLZUpkRlF1SkhueDN3N2pYNHA4S0VYOFM3S256ZmFMemszS2Q&id=11bc0bcb3b251d44&itag=22&source=webdrive&requiressl=yes&mh=wD&mm=32&mn=sn-3pm7dnez&ms=su&mv=m&mvi=1&pl=19&ttl=transient&susc=dr&driveid=1ZkxfrEhxJmzYPIC9F7AaGNcOB3EjIxQJ&app=explorer&mime=video/mp4&vprv=1&prv=1&dur=14.303&lmt=1678339600399463&mt=1678343325&subapp=DRIVE_WEB_FILE_VIEWER&txp=0011224&sparams=expire,ei,ip,cp,id,itag,source,requiressl,ttl,susc,driveid,app,mime,vprv,prv,dur,lmt&sig=AOq0QJ8wRgIhAMNi9AmWRkJ-i_3QKyR1P4sof3uwOM5m2FScVgLkETkGAiEAs8nKomyQidEwLzcs7lJG-ZE4bgo8pGYOlshMMehx0kQ=&lsparams=mh,mm,mn,ms,mv,mvi,pl&lsig=AG3C_xAwRQIgcKIeXAezGjq5lUpT_Ch-VRcj1VnDgn-GUitPm_1adJwCIQCvq5ZF8Yhz4h9mJ_TNHGyZX11h1tORcGY_hUHAcfMSbg==&cpn=41JugF3cC2PMYAQs&c=WEB_EMBEDDED_PLAYER&cver=1.20230305.00.00',18,NULL),(37,'강의소개',NULL,'https://rr3---sn-3pm7dnez.c.drive.google.com/videoplayback?expire=1678354263&ei=F28JZPGyAsii-LYPp5K3yAc&ip=211.106.114.186&cp=QVRMWkRfU1JURFhPOlVFblVWbndLZUpkRlFxTE5veDN3N2pYMHI0TEVYOFM3S2pibGJMemszS2Q&id=6b4fd72f9e5c4a85&itag=22&source=webdrive&requiressl=yes&mh=bS&mm=32&mn=sn-3pm7dnez&ms=su&mv=m&mvi=3&pl=19&ttl=transient&susc=dr&driveid=1fx8jR5Y4QbeIVRQMZqZolOatr1d1-y6c&app=explorer&mime=video/mp4&vprv=1&prv=1&dur=55.217&lmt=1678339551711561&mt=1678339497&subapp=DRIVE_WEB_FILE_VIEWER&txp=0016224&sparams=expire,ei,ip,cp,id,itag,source,requiressl,ttl,susc,driveid,app,mime,vprv,prv,dur,lmt&sig=AOq0QJ8wRQIgD-0f0t2ceAPREDc6wbDiGAf8TNcNbDhAHFFF-XlKSYMCIQD8lQHD4kLR5CWidpTZ6Wcba2nooHlo6sbWqg5iAxET9A==&lsparams=mh,mm,mn,ms,mv,mvi,pl&lsig=AG3C_xAwRQIgcuRz0iec98KtUAmOeY3B5HWojLaXGXoizdj2dOktogkCIQCvNbUKLmjSWVkTul_sUAJl9fZEpMC2fYyXoJ0fELXA2A==&cpn=aZ8WE-53S4cSPtE2&c=WEB_EMBEDDED_PLAYER&cver=1.20230305.00.00',19,NULL),(38,'환경 세팅 안내 사항',NULL,'https://rr5---sn-3pm76nel.c.drive.google.com/videoplayback?expire=1678357957&ei=hX0JZPLjEbL0-LYPqbC4uA8&ip=211.106.114.186&cp=QVRMWkRfVllTSFhPOlVFblhDbWFLZUpkRlF0U01zeDN3N2pYM3kzUEVYOFM3S21pa2ZMemszS2Q&id=797d1448cc9d60ca&itag=22&source=webdrive&requiressl=yes&mh=LM&mm=32&mn=sn-3pm76nel&ms=su&mv=m&mvi=5&pl=19&ttl=transient&susc=dr&driveid=1D8vicA2Ej7LnPzyFoI9oUm3hWTtQEhNy&app=explorer&mime=video/mp4&vprv=1&prv=1&dur=27.585&lmt=1678341199841725&mt=1678343083&subapp=DRIVE_WEB_FILE_VIEWER&txp=0011224&sparams=expire,ei,ip,cp,id,itag,source,requiressl,ttl,susc,driveid,app,mime,vprv,prv,dur,lmt&sig=AOq0QJ8wRgIhANWEtrkCiECrrrll7emUYTcQf_Z4KFQuPb92zdxqxTCfAiEA0anuO98c1RtjFqIKirC-uuAwCF9M7QILUalSvrh_Tfw=&lsparams=mh,mm,mn,ms,mv,mvi,pl&lsig=AG3C_xAwRQIhAMLwjOc8m-WDO3sa1qvNh1bH3IMTN9TVwVdEkzaAxYnsAiAFt3Bqm8oTe1Xi4hGHsF4fhA9SgHTQtVc1lBGKdCF8JQ==&cpn=2Q32QFelLxRPP2ax&c=WEB_EMBEDDED_PLAYER&cver=1.20230305.00.00',19,NULL),(39,'Python을 사용하는 방법과 이유',NULL,'https://rr1---sn-3pm7dnez.c.drive.google.com/videoplayback?expire=1678354333&ei=XW8JZLmTI5iU-LYPxPOi4Ak&ip=211.106.114.186&cp=QVRMWkRfU1NRRFhPOlVFblVXa3dLZUpkRlFxTUtveDN3N2pYMHMxTEVYOFM3S2pjaWJMemszS2Q&id=11bc0bcb3b251d44&itag=22&source=webdrive&requiressl=yes&mh=wD&mm=32&mn=sn-3pm7dnez&ms=su&mv=m&mvi=1&pl=19&ttl=transient&susc=dr&driveid=1ZkxfrEhxJmzYPIC9F7AaGNcOB3EjIxQJ&app=explorer&mime=video/mp4&vprv=1&prv=1&dur=14.303&lmt=1678339600399463&mt=1678339497&subapp=DRIVE_WEB_FILE_VIEWER&txp=0011224&sparams=expire,ei,ip,cp,id,itag,source,requiressl,ttl,susc,driveid,app,mime,vprv,prv,dur,lmt&sig=AOq0QJ8wRgIhAPCQMB6av4gc_L-Tj6QHlbNJVltGDUAZVlPHNk_-8CbyAiEAuXqAMmpOOXnf-Lddphf6mhqbPmleuNeTI0jIZtAO64o=&lsparams=mh,mm,mn,ms,mv,mvi,pl&lsig=AG3C_xAwRQIhAIfLIxShMbhZLileZfFpiYYq3zOsEbVJ5kBYtqv0a-_dAiAaouiPooRofIxq23mYZ6XdcpSrjO66U-HHhZLHUhktcQ==&cpn=-wubrYHjywSg6Fs_&c=WEB_EMBEDDED_PLAYER&cver=1.20230305.00.00',20,NULL),(40,'Python 30분 요약 강좌',NULL,'https://rr1---sn-3pm7dnez.c.drive.google.com/videoplayback?expire=1678358002&ei=sn0JZKa1KuTf-LYPxZK_wAw&ip=211.106.114.186&cp=QVRMWkRfV1BOQ1hPOlVFbllUaHZLZUpkRlF1SkhueDN3N2pYNHA4S0VYOFM3S256ZmFMemszS2Q&id=11bc0bcb3b251d44&itag=22&source=webdrive&requiressl=yes&mh=wD&mm=32&mn=sn-3pm7dnez&ms=su&mv=m&mvi=1&pl=19&ttl=transient&susc=dr&driveid=1ZkxfrEhxJmzYPIC9F7AaGNcOB3EjIxQJ&app=explorer&mime=video/mp4&vprv=1&prv=1&dur=14.303&lmt=1678339600399463&mt=1678343325&subapp=DRIVE_WEB_FILE_VIEWER&txp=0011224&sparams=expire,ei,ip,cp,id,itag,source,requiressl,ttl,susc,driveid,app,mime,vprv,prv,dur,lmt&sig=AOq0QJ8wRgIhAMNi9AmWRkJ-i_3QKyR1P4sof3uwOM5m2FScVgLkETkGAiEAs8nKomyQidEwLzcs7lJG-ZE4bgo8pGYOlshMMehx0kQ=&lsparams=mh,mm,mn,ms,mv,mvi,pl&lsig=AG3C_xAwRQIgcKIeXAezGjq5lUpT_Ch-VRcj1VnDgn-GUitPm_1adJwCIQCvq5ZF8Yhz4h9mJ_TNHGyZX11h1tORcGY_hUHAcfMSbg==&cpn=41JugF3cC2PMYAQs&c=WEB_EMBEDDED_PLAYER&cver=1.20230305.00.00',20,NULL),(41,'Python으로 야구 게임 구현하기',NULL,'https://rr1---sn-3pm7knel.c.drive.google.com/videoplayback?expire=1678358018&ei=wn0JZOvaL4OGp84P4JKD-Ag&ip=211.106.114.186&cp=QVRMWkRfV1BPSVhPOlVFbllUaWJLZUpkRlF1Skl0eDN3N2pYNHA5UUVYOFM3S256Z2dMemszS2Q&id=3f5ef3e6ddf3fe14&itag=22&source=webdrive&requiressl=yes&mh=pq&mm=32&mn=sn-3pm7knel&ms=su&mv=m&mvi=1&pl=19&ttl=transient&susc=dr&driveid=1x3VCBqqQL89BSth-VqfEnvNrxGU9En9O&app=explorer&mime=video/mp4&vprv=1&prv=1&dur=60.023&lmt=1678341960273168&mt=1678343325&subapp=DRIVE_WEB_FILE_VIEWER&txp=0011224&sparams=expire,ei,ip,cp,id,itag,source,requiressl,ttl,susc,driveid,app,mime,vprv,prv,dur,lmt&sig=AOq0QJ8wRQIhAPTEm5bCAnToEO_NVHi-6ggKSiiNvjWZVU9HCQ3_4XMTAiAyC2agDxH6RagdxDI0COBQfJ_ZMJ5sgJnI756NUr8Lnw==&lsparams=mh,mm,mn,ms,mv,mvi,pl&lsig=AG3C_xAwRAIgCDtNTi-q35Wam5_LNdB-LNXesqOSMQ2LTmY4pP3zFWQCIFzVPJZ3aBvpm8Mp2_TjtE_NLWPCsg-cPo8fVu4hLBra&cpn=9n2cfSaNVEaxphCf&c=WEB_EMBEDDED_PLAYER&cver=1.20230305.00.00',21,NULL),(42,'프로젝트 배포',NULL,'https://rr2---sn-3pm7dne6.c.drive.google.com/videoplayback?expire=1678355365&ei=ZXMJZNLcNJChrvIP2biL6AM&ip=211.106.114.186&cp=QVRMWkRfVFNURlhPOlVFblZXbnlLZUpkRlFyTU5xeDN3N2pYMXM0TkVYOFM3S2tjbGRMemszS2Q&id=9ad557e47815123e&itag=22&source=webdrive&requiressl=yes&mh=b6&mm=32&mn=sn-3pm7dne6&ms=su&mv=m&mvi=2&pl=19&ttl=transient&susc=dr&driveid=1mLjs3YYxRasYuu-m5LEILbFK5tFLbSRQ&app=explorer&mime=video/mp4&vprv=1&prv=1&dur=10.890&lmt=1678340710175364&mt=1678340689&subapp=DRIVE_WEB_FILE_VIEWER&txp=0011224&sparams=expire,ei,ip,cp,id,itag,source,requiressl,ttl,susc,driveid,app,mime,vprv,prv,dur,lmt&sig=AOq0QJ8wRQIgA2oYr45PcFjhoqtPp5qz2H0dYh_uxwUVPgb_6T4Gr_8CIQD-itQw021S-qj3I76y_pA7QcC7pxvSrnM4niRTFD8llw==&lsparams=mh,mm,mn,ms,mv,mvi,pl&lsig=AG3C_xAwRgIhAO9naA1uJ3X_XsJq4ykJLUbm8xmBMmAjBQfUCQ3LQTASAiEAvJpbHXhdR6H9CTsx6xqVs610UA47jsY6OfqSpKy6Yjw=&cpn=2DvxAcHiUs4DCQKl&c=WEB_EMBEDDED_PLAYER&cver=1.20230305.00.00',21,NULL),(43,'개발툴 세팅',NULL,'https://rr2---sn-3pm7dne6.c.drive.google.com/videoplayback?expire=1678355365&ei=ZXMJZNLcNJChrvIP2biL6AM&ip=211.106.114.186&cp=QVRMWkRfVFNURlhPOlVFblZXbnlLZUpkRlFyTU5xeDN3N2pYMXM0TkVYOFM3S2tjbGRMemszS2Q&id=9ad557e47815123e&itag=22&source=webdrive&requiressl=yes&mh=b6&mm=32&mn=sn-3pm7dne6&ms=su&mv=m&mvi=2&pl=19&ttl=transient&susc=dr&driveid=1mLjs3YYxRasYuu-m5LEILbFK5tFLbSRQ&app=explorer&mime=video/mp4&vprv=1&prv=1&dur=10.890&lmt=1678340710175364&mt=1678340689&subapp=DRIVE_WEB_FILE_VIEWER&txp=0011224&sparams=expire,ei,ip,cp,id,itag,source,requiressl,ttl,susc,driveid,app,mime,vprv,prv,dur,lmt&sig=AOq0QJ8wRQIgA2oYr45PcFjhoqtPp5qz2H0dYh_uxwUVPgb_6T4Gr_8CIQD-itQw021S-qj3I76y_pA7QcC7pxvSrnM4niRTFD8llw==&lsparams=mh,mm,mn,ms,mv,mvi,pl&lsig=AG3C_xAwRgIhAO9naA1uJ3X_XsJq4ykJLUbm8xmBMmAjBQfUCQ3LQTASAiEAvJpbHXhdR6H9CTsx6xqVs610UA47jsY6OfqSpKy6Yjw=&cpn=2DvxAcHiUs4DCQKl&c=WEB_EMBEDDED_PLAYER&cver=1.20230305.00.00',22,NULL),(44,'효과적인 프로그래밍 학습법 소개',NULL,'https://rr3---sn-3pm7dnez.c.drive.google.com/videoplayback?expire=1678354263&ei=F28JZPGyAsii-LYPp5K3yAc&ip=211.106.114.186&cp=QVRMWkRfU1JURFhPOlVFblVWbndLZUpkRlFxTE5veDN3N2pYMHI0TEVYOFM3S2pibGJMemszS2Q&id=6b4fd72f9e5c4a85&itag=22&source=webdrive&requiressl=yes&mh=bS&mm=32&mn=sn-3pm7dnez&ms=su&mv=m&mvi=3&pl=19&ttl=transient&susc=dr&driveid=1fx8jR5Y4QbeIVRQMZqZolOatr1d1-y6c&app=explorer&mime=video/mp4&vprv=1&prv=1&dur=55.217&lmt=1678339551711561&mt=1678339497&subapp=DRIVE_WEB_FILE_VIEWER&txp=0016224&sparams=expire,ei,ip,cp,id,itag,source,requiressl,ttl,susc,driveid,app,mime,vprv,prv,dur,lmt&sig=AOq0QJ8wRQIgD-0f0t2ceAPREDc6wbDiGAf8TNcNbDhAHFFF-XlKSYMCIQD8lQHD4kLR5CWidpTZ6Wcba2nooHlo6sbWqg5iAxET9A==&lsparams=mh,mm,mn,ms,mv,mvi,pl&lsig=AG3C_xAwRQIgcuRz0iec98KtUAmOeY3B5HWojLaXGXoizdj2dOktogkCIQCvNbUKLmjSWVkTul_sUAJl9fZEpMC2fYyXoJ0fELXA2A==&cpn=aZ8WE-53S4cSPtE2&c=WEB_EMBEDDED_PLAYER&cver=1.20230305.00.00',22,NULL),(45,'useState',NULL,'https://rr5---sn-3pm76nel.c.drive.google.com/videoplayback?expire=1678357957&ei=hX0JZPLjEbL0-LYPqbC4uA8&ip=211.106.114.186&cp=QVRMWkRfVllTSFhPOlVFblhDbWFLZUpkRlF0U01zeDN3N2pYM3kzUEVYOFM3S21pa2ZMemszS2Q&id=797d1448cc9d60ca&itag=22&source=webdrive&requiressl=yes&mh=LM&mm=32&mn=sn-3pm76nel&ms=su&mv=m&mvi=5&pl=19&ttl=transient&susc=dr&driveid=1D8vicA2Ej7LnPzyFoI9oUm3hWTtQEhNy&app=explorer&mime=video/mp4&vprv=1&prv=1&dur=27.585&lmt=1678341199841725&mt=1678343083&subapp=DRIVE_WEB_FILE_VIEWER&txp=0011224&sparams=expire,ei,ip,cp,id,itag,source,requiressl,ttl,susc,driveid,app,mime,vprv,prv,dur,lmt&sig=AOq0QJ8wRgIhANWEtrkCiECrrrll7emUYTcQf_Z4KFQuPb92zdxqxTCfAiEA0anuO98c1RtjFqIKirC-uuAwCF9M7QILUalSvrh_Tfw=&lsparams=mh,mm,mn,ms,mv,mvi,pl&lsig=AG3C_xAwRQIhAMLwjOc8m-WDO3sa1qvNh1bH3IMTN9TVwVdEkzaAxYnsAiAFt3Bqm8oTe1Xi4hGHsF4fhA9SgHTQtVc1lBGKdCF8JQ==&cpn=2Q32QFelLxRPP2ax&c=WEB_EMBEDDED_PLAYER&cver=1.20230305.00.00',23,NULL),(46,'Props',NULL,'https://rr1---sn-3pm7dnez.c.drive.google.com/videoplayback?expire=1678354333&ei=XW8JZLmTI5iU-LYPxPOi4Ak&ip=211.106.114.186&cp=QVRMWkRfU1NRRFhPOlVFblVXa3dLZUpkRlFxTUtveDN3N2pYMHMxTEVYOFM3S2pjaWJMemszS2Q&id=11bc0bcb3b251d44&itag=22&source=webdrive&requiressl=yes&mh=wD&mm=32&mn=sn-3pm7dnez&ms=su&mv=m&mvi=1&pl=19&ttl=transient&susc=dr&driveid=1ZkxfrEhxJmzYPIC9F7AaGNcOB3EjIxQJ&app=explorer&mime=video/mp4&vprv=1&prv=1&dur=14.303&lmt=1678339600399463&mt=1678339497&subapp=DRIVE_WEB_FILE_VIEWER&txp=0011224&sparams=expire,ei,ip,cp,id,itag,source,requiressl,ttl,susc,driveid,app,mime,vprv,prv,dur,lmt&sig=AOq0QJ8wRgIhAPCQMB6av4gc_L-Tj6QHlbNJVltGDUAZVlPHNk_-8CbyAiEAuXqAMmpOOXnf-Lddphf6mhqbPmleuNeTI0jIZtAO64o=&lsparams=mh,mm,mn,ms,mv,mvi,pl&lsig=AG3C_xAwRQIhAIfLIxShMbhZLileZfFpiYYq3zOsEbVJ5kBYtqv0a-_dAiAaouiPooRofIxq23mYZ6XdcpSrjO66U-HHhZLHUhktcQ==&cpn=-wubrYHjywSg6Fs_&c=WEB_EMBEDDED_PLAYER&cver=1.20230305.00.00',23,NULL),(47,'useRef',NULL,'https://rr1---sn-3pm7dnez.c.drive.google.com/videoplayback?expire=1678358002&ei=sn0JZKa1KuTf-LYPxZK_wAw&ip=211.106.114.186&cp=QVRMWkRfV1BOQ1hPOlVFbllUaHZLZUpkRlF1SkhueDN3N2pYNHA4S0VYOFM3S256ZmFMemszS2Q&id=11bc0bcb3b251d44&itag=22&source=webdrive&requiressl=yes&mh=wD&mm=32&mn=sn-3pm7dnez&ms=su&mv=m&mvi=1&pl=19&ttl=transient&susc=dr&driveid=1ZkxfrEhxJmzYPIC9F7AaGNcOB3EjIxQJ&app=explorer&mime=video/mp4&vprv=1&prv=1&dur=14.303&lmt=1678339600399463&mt=1678343325&subapp=DRIVE_WEB_FILE_VIEWER&txp=0011224&sparams=expire,ei,ip,cp,id,itag,source,requiressl,ttl,susc,driveid,app,mime,vprv,prv,dur,lmt&sig=AOq0QJ8wRgIhAMNi9AmWRkJ-i_3QKyR1P4sof3uwOM5m2FScVgLkETkGAiEAs8nKomyQidEwLzcs7lJG-ZE4bgo8pGYOlshMMehx0kQ=&lsparams=mh,mm,mn,ms,mv,mvi,pl&lsig=AG3C_xAwRQIgcKIeXAezGjq5lUpT_Ch-VRcj1VnDgn-GUitPm_1adJwCIQCvq5ZF8Yhz4h9mJ_TNHGyZX11h1tORcGY_hUHAcfMSbg==&cpn=41JugF3cC2PMYAQs&c=WEB_EMBEDDED_PLAYER&cver=1.20230305.00.00',24,NULL),(48,'useEffect',NULL,'https://rr1---sn-3pm7knel.c.drive.google.com/videoplayback?expire=1678358018&ei=wn0JZOvaL4OGp84P4JKD-Ag&ip=211.106.114.186&cp=QVRMWkRfV1BPSVhPOlVFbllUaWJLZUpkRlF1Skl0eDN3N2pYNHA5UUVYOFM3S256Z2dMemszS2Q&id=3f5ef3e6ddf3fe14&itag=22&source=webdrive&requiressl=yes&mh=pq&mm=32&mn=sn-3pm7knel&ms=su&mv=m&mvi=1&pl=19&ttl=transient&susc=dr&driveid=1x3VCBqqQL89BSth-VqfEnvNrxGU9En9O&app=explorer&mime=video/mp4&vprv=1&prv=1&dur=60.023&lmt=1678341960273168&mt=1678343325&subapp=DRIVE_WEB_FILE_VIEWER&txp=0011224&sparams=expire,ei,ip,cp,id,itag,source,requiressl,ttl,susc,driveid,app,mime,vprv,prv,dur,lmt&sig=AOq0QJ8wRQIhAPTEm5bCAnToEO_NVHi-6ggKSiiNvjWZVU9HCQ3_4XMTAiAyC2agDxH6RagdxDI0COBQfJ_ZMJ5sgJnI756NUr8Lnw==&lsparams=mh,mm,mn,ms,mv,mvi,pl&lsig=AG3C_xAwRAIgCDtNTi-q35Wam5_LNdB-LNXesqOSMQ2LTmY4pP3zFWQCIFzVPJZ3aBvpm8Mp2_TjtE_NLWPCsg-cPo8fVu4hLBra&cpn=9n2cfSaNVEaxphCf&c=WEB_EMBEDDED_PLAYER&cver=1.20230305.00.00',24,NULL),(49,'클래스 소개',NULL,'https://rr3---sn-3pm7dnez.c.drive.google.com/videoplayback?expire=1678354263&ei=F28JZPGyAsii-LYPp5K3yAc&ip=211.106.114.186&cp=QVRMWkRfU1JURFhPOlVFblVWbndLZUpkRlFxTE5veDN3N2pYMHI0TEVYOFM3S2pibGJMemszS2Q&id=6b4fd72f9e5c4a85&itag=22&source=webdrive&requiressl=yes&mh=bS&mm=32&mn=sn-3pm7dnez&ms=su&mv=m&mvi=3&pl=19&ttl=transient&susc=dr&driveid=1fx8jR5Y4QbeIVRQMZqZolOatr1d1-y6c&app=explorer&mime=video/mp4&vprv=1&prv=1&dur=55.217&lmt=1678339551711561&mt=1678339497&subapp=DRIVE_WEB_FILE_VIEWER&txp=0016224&sparams=expire,ei,ip,cp,id,itag,source,requiressl,ttl,susc,driveid,app,mime,vprv,prv,dur,lmt&sig=AOq0QJ8wRQIgD-0f0t2ceAPREDc6wbDiGAf8TNcNbDhAHFFF-XlKSYMCIQD8lQHD4kLR5CWidpTZ6Wcba2nooHlo6sbWqg5iAxET9A==&lsparams=mh,mm,mn,ms,mv,mvi,pl&lsig=AG3C_xAwRQIgcuRz0iec98KtUAmOeY3B5HWojLaXGXoizdj2dOktogkCIQCvNbUKLmjSWVkTul_sUAJl9fZEpMC2fYyXoJ0fELXA2A==&cpn=aZ8WE-53S4cSPtE2&c=WEB_EMBEDDED_PLAYER&cver=1.20230305.00.00',25,NULL),(50,'요리 도구 소개',NULL,'https://rr5---sn-3pm76nel.c.drive.google.com/videoplayback?expire=1678357957&ei=hX0JZPLjEbL0-LYPqbC4uA8&ip=211.106.114.186&cp=QVRMWkRfVllTSFhPOlVFblhDbWFLZUpkRlF0U01zeDN3N2pYM3kzUEVYOFM3S21pa2ZMemszS2Q&id=797d1448cc9d60ca&itag=22&source=webdrive&requiressl=yes&mh=LM&mm=32&mn=sn-3pm76nel&ms=su&mv=m&mvi=5&pl=19&ttl=transient&susc=dr&driveid=1D8vicA2Ej7LnPzyFoI9oUm3hWTtQEhNy&app=explorer&mime=video/mp4&vprv=1&prv=1&dur=27.585&lmt=1678341199841725&mt=1678343083&subapp=DRIVE_WEB_FILE_VIEWER&txp=0011224&sparams=expire,ei,ip,cp,id,itag,source,requiressl,ttl,susc,driveid,app,mime,vprv,prv,dur,lmt&sig=AOq0QJ8wRgIhANWEtrkCiECrrrll7emUYTcQf_Z4KFQuPb92zdxqxTCfAiEA0anuO98c1RtjFqIKirC-uuAwCF9M7QILUalSvrh_Tfw=&lsparams=mh,mm,mn,ms,mv,mvi,pl&lsig=AG3C_xAwRQIhAMLwjOc8m-WDO3sa1qvNh1bH3IMTN9TVwVdEkzaAxYnsAiAFt3Bqm8oTe1Xi4hGHsF4fhA9SgHTQtVc1lBGKdCF8JQ==&cpn=2Q32QFelLxRPP2ax&c=WEB_EMBEDDED_PLAYER&cver=1.20230305.00.00',25,NULL),(51,'소금,향신료,올리브유',NULL,'https://rr1---sn-3pm7dnez.c.drive.google.com/videoplayback?expire=1678354333&ei=XW8JZLmTI5iU-LYPxPOi4Ak&ip=211.106.114.186&cp=QVRMWkRfU1NRRFhPOlVFblVXa3dLZUpkRlFxTUtveDN3N2pYMHMxTEVYOFM3S2pjaWJMemszS2Q&id=11bc0bcb3b251d44&itag=22&source=webdrive&requiressl=yes&mh=wD&mm=32&mn=sn-3pm7dnez&ms=su&mv=m&mvi=1&pl=19&ttl=transient&susc=dr&driveid=1ZkxfrEhxJmzYPIC9F7AaGNcOB3EjIxQJ&app=explorer&mime=video/mp4&vprv=1&prv=1&dur=14.303&lmt=1678339600399463&mt=1678339497&subapp=DRIVE_WEB_FILE_VIEWER&txp=0011224&sparams=expire,ei,ip,cp,id,itag,source,requiressl,ttl,susc,driveid,app,mime,vprv,prv,dur,lmt&sig=AOq0QJ8wRgIhAPCQMB6av4gc_L-Tj6QHlbNJVltGDUAZVlPHNk_-8CbyAiEAuXqAMmpOOXnf-Lddphf6mhqbPmleuNeTI0jIZtAO64o=&lsparams=mh,mm,mn,ms,mv,mvi,pl&lsig=AG3C_xAwRQIhAIfLIxShMbhZLileZfFpiYYq3zOsEbVJ5kBYtqv0a-_dAiAaouiPooRofIxq23mYZ6XdcpSrjO66U-HHhZLHUhktcQ==&cpn=-wubrYHjywSg6Fs_&c=WEB_EMBEDDED_PLAYER&cver=1.20230305.00.00',26,NULL),(52,'홈메이드 리코타로 만든 염장 리코타',NULL,'https://rr1---sn-3pm7dnez.c.drive.google.com/videoplayback?expire=1678358002&ei=sn0JZKa1KuTf-LYPxZK_wAw&ip=211.106.114.186&cp=QVRMWkRfV1BOQ1hPOlVFbllUaHZLZUpkRlF1SkhueDN3N2pYNHA4S0VYOFM3S256ZmFMemszS2Q&id=11bc0bcb3b251d44&itag=22&source=webdrive&requiressl=yes&mh=wD&mm=32&mn=sn-3pm7dnez&ms=su&mv=m&mvi=1&pl=19&ttl=transient&susc=dr&driveid=1ZkxfrEhxJmzYPIC9F7AaGNcOB3EjIxQJ&app=explorer&mime=video/mp4&vprv=1&prv=1&dur=14.303&lmt=1678339600399463&mt=1678343325&subapp=DRIVE_WEB_FILE_VIEWER&txp=0011224&sparams=expire,ei,ip,cp,id,itag,source,requiressl,ttl,susc,driveid,app,mime,vprv,prv,dur,lmt&sig=AOq0QJ8wRgIhAMNi9AmWRkJ-i_3QKyR1P4sof3uwOM5m2FScVgLkETkGAiEAs8nKomyQidEwLzcs7lJG-ZE4bgo8pGYOlshMMehx0kQ=&lsparams=mh,mm,mn,ms,mv,mvi,pl&lsig=AG3C_xAwRQIgcKIeXAezGjq5lUpT_Ch-VRcj1VnDgn-GUitPm_1adJwCIQCvq5ZF8Yhz4h9mJ_TNHGyZX11h1tORcGY_hUHAcfMSbg==&cpn=41JugF3cC2PMYAQs&c=WEB_EMBEDDED_PLAYER&cver=1.20230305.00.00',26,NULL),(53,'세 가지 토마토를 활용한 토마토 소스',NULL,'https://rr2---sn-3pm7dne6.c.drive.google.com/videoplayback?expire=1678355365&ei=ZXMJZNLcNJChrvIP2biL6AM&ip=211.106.114.186&cp=QVRMWkRfVFNURlhPOlVFblZXbnlLZUpkRlFyTU5xeDN3N2pYMXM0TkVYOFM3S2tjbGRMemszS2Q&id=9ad557e47815123e&itag=22&source=webdrive&requiressl=yes&mh=b6&mm=32&mn=sn-3pm7dne6&ms=su&mv=m&mvi=2&pl=19&ttl=transient&susc=dr&driveid=1mLjs3YYxRasYuu-m5LEILbFK5tFLbSRQ&app=explorer&mime=video/mp4&vprv=1&prv=1&dur=10.890&lmt=1678340710175364&mt=1678340689&subapp=DRIVE_WEB_FILE_VIEWER&txp=0011224&sparams=expire,ei,ip,cp,id,itag,source,requiressl,ttl,susc,driveid,app,mime,vprv,prv,dur,lmt&sig=AOq0QJ8wRQIgA2oYr45PcFjhoqtPp5qz2H0dYh_uxwUVPgb_6T4Gr_8CIQD-itQw021S-qj3I76y_pA7QcC7pxvSrnM4niRTFD8llw==&lsparams=mh,mm,mn,ms,mv,mvi,pl&lsig=AG3C_xAwRgIhAO9naA1uJ3X_XsJq4ykJLUbm8xmBMmAjBQfUCQ3LQTASAiEAvJpbHXhdR6H9CTsx6xqVs610UA47jsY6OfqSpKy6Yjw=&cpn=2DvxAcHiUs4DCQKl&c=WEB_EMBEDDED_PLAYER&cver=1.20230305.00.00',27,NULL),(54,'집에서도 쉽게 만들 수 있는 레드 와인 소스',NULL,'https://rr5---sn-3pm76nel.c.drive.google.com/videoplayback?expire=1678357957&ei=hX0JZPLjEbL0-LYPqbC4uA8&ip=211.106.114.186&cp=QVRMWkRfVllTSFhPOlVFblhDbWFLZUpkRlF0U01zeDN3N2pYM3kzUEVYOFM3S21pa2ZMemszS2Q&id=797d1448cc9d60ca&itag=22&source=webdrive&requiressl=yes&mh=LM&mm=32&mn=sn-3pm76nel&ms=su&mv=m&mvi=5&pl=19&ttl=transient&susc=dr&driveid=1D8vicA2Ej7LnPzyFoI9oUm3hWTtQEhNy&app=explorer&mime=video/mp4&vprv=1&prv=1&dur=27.585&lmt=1678341199841725&mt=1678343083&subapp=DRIVE_WEB_FILE_VIEWER&txp=0011224&sparams=expire,ei,ip,cp,id,itag,source,requiressl,ttl,susc,driveid,app,mime,vprv,prv,dur,lmt&sig=AOq0QJ8wRgIhANWEtrkCiECrrrll7emUYTcQf_Z4KFQuPb92zdxqxTCfAiEA0anuO98c1RtjFqIKirC-uuAwCF9M7QILUalSvrh_Tfw=&lsparams=mh,mm,mn,ms,mv,mvi,pl&lsig=AG3C_xAwRQIhAMLwjOc8m-WDO3sa1qvNh1bH3IMTN9TVwVdEkzaAxYnsAiAFt3Bqm8oTe1Xi4hGHsF4fhA9SgHTQtVc1lBGKdCF8JQ==&cpn=2Q32QFelLxRPP2ax&c=WEB_EMBEDDED_PLAYER&cver=1.20230305.00.00',27,NULL),(55,'안녕하세요! 리라쌤입니다.',NULL,'https://rr3---sn-3pm7dnez.c.drive.google.com/videoplayback?expire=1678354263&ei=F28JZPGyAsii-LYPp5K3yAc&ip=211.106.114.186&cp=QVRMWkRfU1JURFhPOlVFblVWbndLZUpkRlFxTE5veDN3N2pYMHI0TEVYOFM3S2pibGJMemszS2Q&id=6b4fd72f9e5c4a85&itag=22&source=webdrive&requiressl=yes&mh=bS&mm=32&mn=sn-3pm7dnez&ms=su&mv=m&mvi=3&pl=19&ttl=transient&susc=dr&driveid=1fx8jR5Y4QbeIVRQMZqZolOatr1d1-y6c&app=explorer&mime=video/mp4&vprv=1&prv=1&dur=55.217&lmt=1678339551711561&mt=1678339497&subapp=DRIVE_WEB_FILE_VIEWER&txp=0016224&sparams=expire,ei,ip,cp,id,itag,source,requiressl,ttl,susc,driveid,app,mime,vprv,prv,dur,lmt&sig=AOq0QJ8wRQIgD-0f0t2ceAPREDc6wbDiGAf8TNcNbDhAHFFF-XlKSYMCIQD8lQHD4kLR5CWidpTZ6Wcba2nooHlo6sbWqg5iAxET9A==&lsparams=mh,mm,mn,ms,mv,mvi,pl&lsig=AG3C_xAwRQIgcuRz0iec98KtUAmOeY3B5HWojLaXGXoizdj2dOktogkCIQCvNbUKLmjSWVkTul_sUAJl9fZEpMC2fYyXoJ0fELXA2A==&cpn=aZ8WE-53S4cSPtE2&c=WEB_EMBEDDED_PLAYER&cver=1.20230305.00.00',28,NULL),(56,'샐러드에 대한 기본 지식',NULL,'https://rr1---sn-3pm7dnez.c.drive.google.com/videoplayback?expire=1678354333&ei=XW8JZLmTI5iU-LYPxPOi4Ak&ip=211.106.114.186&cp=QVRMWkRfU1NRRFhPOlVFblVXa3dLZUpkRlFxTUtveDN3N2pYMHMxTEVYOFM3S2pjaWJMemszS2Q&id=11bc0bcb3b251d44&itag=22&source=webdrive&requiressl=yes&mh=wD&mm=32&mn=sn-3pm7dnez&ms=su&mv=m&mvi=1&pl=19&ttl=transient&susc=dr&driveid=1ZkxfrEhxJmzYPIC9F7AaGNcOB3EjIxQJ&app=explorer&mime=video/mp4&vprv=1&prv=1&dur=14.303&lmt=1678339600399463&mt=1678339497&subapp=DRIVE_WEB_FILE_VIEWER&txp=0011224&sparams=expire,ei,ip,cp,id,itag,source,requiressl,ttl,susc,driveid,app,mime,vprv,prv,dur,lmt&sig=AOq0QJ8wRgIhAPCQMB6av4gc_L-Tj6QHlbNJVltGDUAZVlPHNk_-8CbyAiEAuXqAMmpOOXnf-Lddphf6mhqbPmleuNeTI0jIZtAO64o=&lsparams=mh,mm,mn,ms,mv,mvi,pl&lsig=AG3C_xAwRQIhAIfLIxShMbhZLileZfFpiYYq3zOsEbVJ5kBYtqv0a-_dAiAaouiPooRofIxq23mYZ6XdcpSrjO66U-HHhZLHUhktcQ==&cpn=-wubrYHjywSg6Fs_&c=WEB_EMBEDDED_PLAYER&cver=1.20230305.00.00',28,NULL),(57,'샐러드에 들어가는 채소 종류에 대해 알아봅시다.',NULL,'https://rr1---sn-3pm7dnez.c.drive.google.com/videoplayback?expire=1678358002&ei=sn0JZKa1KuTf-LYPxZK_wAw&ip=211.106.114.186&cp=QVRMWkRfV1BOQ1hPOlVFbllUaHZLZUpkRlF1SkhueDN3N2pYNHA4S0VYOFM3S256ZmFMemszS2Q&id=11bc0bcb3b251d44&itag=22&source=webdrive&requiressl=yes&mh=wD&mm=32&mn=sn-3pm7dnez&ms=su&mv=m&mvi=1&pl=19&ttl=transient&susc=dr&driveid=1ZkxfrEhxJmzYPIC9F7AaGNcOB3EjIxQJ&app=explorer&mime=video/mp4&vprv=1&prv=1&dur=14.303&lmt=1678339600399463&mt=1678343325&subapp=DRIVE_WEB_FILE_VIEWER&txp=0011224&sparams=expire,ei,ip,cp,id,itag,source,requiressl,ttl,susc,driveid,app,mime,vprv,prv,dur,lmt&sig=AOq0QJ8wRgIhAMNi9AmWRkJ-i_3QKyR1P4sof3uwOM5m2FScVgLkETkGAiEAs8nKomyQidEwLzcs7lJG-ZE4bgo8pGYOlshMMehx0kQ=&lsparams=mh,mm,mn,ms,mv,mvi,pl&lsig=AG3C_xAwRQIgcKIeXAezGjq5lUpT_Ch-VRcj1VnDgn-GUitPm_1adJwCIQCvq5ZF8Yhz4h9mJ_TNHGyZX11h1tORcGY_hUHAcfMSbg==&cpn=41JugF3cC2PMYAQs&c=WEB_EMBEDDED_PLAYER&cver=1.20230305.00.00',29,NULL),(58,'수업에서 자주 사용하게 될 도구 및 재료들을 소개합니다.',NULL,'https://rr1---sn-3pm7dnez.c.drive.google.com/videoplayback?expire=1678358002&ei=sn0JZKa1KuTf-LYPxZK_wAw&ip=211.106.114.186&cp=QVRMWkRfV1BOQ1hPOlVFbllUaHZLZUpkRlF1SkhueDN3N2pYNHA4S0VYOFM3S256ZmFMemszS2Q&id=11bc0bcb3b251d44&itag=22&source=webdrive&requiressl=yes&mh=wD&mm=32&mn=sn-3pm7dnez&ms=su&mv=m&mvi=1&pl=19&ttl=transient&susc=dr&driveid=1ZkxfrEhxJmzYPIC9F7AaGNcOB3EjIxQJ&app=explorer&mime=video/mp4&vprv=1&prv=1&dur=14.303&lmt=1678339600399463&mt=1678343325&subapp=DRIVE_WEB_FILE_VIEWER&txp=0011224&sparams=expire,ei,ip,cp,id,itag,source,requiressl,ttl,susc,driveid,app,mime,vprv,prv,dur,lmt&sig=AOq0QJ8wRgIhAMNi9AmWRkJ-i_3QKyR1P4sof3uwOM5m2FScVgLkETkGAiEAs8nKomyQidEwLzcs7lJG-ZE4bgo8pGYOlshMMehx0kQ=&lsparams=mh,mm,mn,ms,mv,mvi,pl&lsig=AG3C_xAwRQIgcKIeXAezGjq5lUpT_Ch-VRcj1VnDgn-GUitPm_1adJwCIQCvq5ZF8Yhz4h9mJ_TNHGyZX11h1tORcGY_hUHAcfMSbg==&cpn=41JugF3cC2PMYAQs&c=WEB_EMBEDDED_PLAYER&cver=1.20230305.00.00',29,NULL),(59,'맛도 좋고 몸에도 좋은 오리엔탈 드레싱',NULL,'https://rr2---sn-3pm7dne6.c.drive.google.com/videoplayback?expire=1678355365&ei=ZXMJZNLcNJChrvIP2biL6AM&ip=211.106.114.186&cp=QVRMWkRfVFNURlhPOlVFblZXbnlLZUpkRlFyTU5xeDN3N2pYMXM0TkVYOFM3S2tjbGRMemszS2Q&id=9ad557e47815123e&itag=22&source=webdrive&requiressl=yes&mh=b6&mm=32&mn=sn-3pm7dne6&ms=su&mv=m&mvi=2&pl=19&ttl=transient&susc=dr&driveid=1mLjs3YYxRasYuu-m5LEILbFK5tFLbSRQ&app=explorer&mime=video/mp4&vprv=1&prv=1&dur=10.890&lmt=1678340710175364&mt=1678340689&subapp=DRIVE_WEB_FILE_VIEWER&txp=0011224&sparams=expire,ei,ip,cp,id,itag,source,requiressl,ttl,susc,driveid,app,mime,vprv,prv,dur,lmt&sig=AOq0QJ8wRQIgA2oYr45PcFjhoqtPp5qz2H0dYh_uxwUVPgb_6T4Gr_8CIQD-itQw021S-qj3I76y_pA7QcC7pxvSrnM4niRTFD8llw==&lsparams=mh,mm,mn,ms,mv,mvi,pl&lsig=AG3C_xAwRgIhAO9naA1uJ3X_XsJq4ykJLUbm8xmBMmAjBQfUCQ3LQTASAiEAvJpbHXhdR6H9CTsx6xqVs610UA47jsY6OfqSpKy6Yjw=&cpn=2DvxAcHiUs4DCQKl&c=WEB_EMBEDDED_PLAYER&cver=1.20230305.00.00',30,NULL),(60,'비타민C가 가득한 유자 드레싱',NULL,'https://rr1---sn-3pm7knel.c.drive.google.com/videoplayback?expire=1678358018&ei=wn0JZOvaL4OGp84P4JKD-Ag&ip=211.106.114.186&cp=QVRMWkRfV1BPSVhPOlVFbllUaWJLZUpkRlF1Skl0eDN3N2pYNHA5UUVYOFM3S256Z2dMemszS2Q&id=3f5ef3e6ddf3fe14&itag=22&source=webdrive&requiressl=yes&mh=pq&mm=32&mn=sn-3pm7knel&ms=su&mv=m&mvi=1&pl=19&ttl=transient&susc=dr&driveid=1x3VCBqqQL89BSth-VqfEnvNrxGU9En9O&app=explorer&mime=video/mp4&vprv=1&prv=1&dur=60.023&lmt=1678341960273168&mt=1678343325&subapp=DRIVE_WEB_FILE_VIEWER&txp=0011224&sparams=expire,ei,ip,cp,id,itag,source,requiressl,ttl,susc,driveid,app,mime,vprv,prv,dur,lmt&sig=AOq0QJ8wRQIhAPTEm5bCAnToEO_NVHi-6ggKSiiNvjWZVU9HCQ3_4XMTAiAyC2agDxH6RagdxDI0COBQfJ_ZMJ5sgJnI756NUr8Lnw==&lsparams=mh,mm,mn,ms,mv,mvi,pl&lsig=AG3C_xAwRAIgCDtNTi-q35Wam5_LNdB-LNXesqOSMQ2LTmY4pP3zFWQCIFzVPJZ3aBvpm8Mp2_TjtE_NLWPCsg-cPo8fVu4hLBra&cpn=9n2cfSaNVEaxphCf&c=WEB_EMBEDDED_PLAYER&cver=1.20230305.00.00',30,NULL),(61,'안녕하세요! 154년 일식 요리 경력 셰프 린입니다.',NULL,'https://rr3---sn-3pm7dnez.c.drive.google.com/videoplayback?expire=1678354263&ei=F28JZPGyAsii-LYPp5K3yAc&ip=211.106.114.186&cp=QVRMWkRfU1JURFhPOlVFblVWbndLZUpkRlFxTE5veDN3N2pYMHI0TEVYOFM3S2pibGJMemszS2Q&id=6b4fd72f9e5c4a85&itag=22&source=webdrive&requiressl=yes&mh=bS&mm=32&mn=sn-3pm7dnez&ms=su&mv=m&mvi=3&pl=19&ttl=transient&susc=dr&driveid=1fx8jR5Y4QbeIVRQMZqZolOatr1d1-y6c&app=explorer&mime=video/mp4&vprv=1&prv=1&dur=55.217&lmt=1678339551711561&mt=1678339497&subapp=DRIVE_WEB_FILE_VIEWER&txp=0016224&sparams=expire,ei,ip,cp,id,itag,source,requiressl,ttl,susc,driveid,app,mime,vprv,prv,dur,lmt&sig=AOq0QJ8wRQIgD-0f0t2ceAPREDc6wbDiGAf8TNcNbDhAHFFF-XlKSYMCIQD8lQHD4kLR5CWidpTZ6Wcba2nooHlo6sbWqg5iAxET9A==&lsparams=mh,mm,mn,ms,mv,mvi,pl&lsig=AG3C_xAwRQIgcuRz0iec98KtUAmOeY3B5HWojLaXGXoizdj2dOktogkCIQCvNbUKLmjSWVkTul_sUAJl9fZEpMC2fYyXoJ0fELXA2A==&cpn=aZ8WE-53S4cSPtE2&c=WEB_EMBEDDED_PLAYER&cver=1.20230305.00.00',31,NULL),(62,'커리큘럼을 안내해 드립니다.',NULL,'https://rr5---sn-3pm76nel.c.drive.google.com/videoplayback?expire=1678357957&ei=hX0JZPLjEbL0-LYPqbC4uA8&ip=211.106.114.186&cp=QVRMWkRfVllTSFhPOlVFblhDbWFLZUpkRlF0U01zeDN3N2pYM3kzUEVYOFM3S21pa2ZMemszS2Q&id=797d1448cc9d60ca&itag=22&source=webdrive&requiressl=yes&mh=LM&mm=32&mn=sn-3pm76nel&ms=su&mv=m&mvi=5&pl=19&ttl=transient&susc=dr&driveid=1D8vicA2Ej7LnPzyFoI9oUm3hWTtQEhNy&app=explorer&mime=video/mp4&vprv=1&prv=1&dur=27.585&lmt=1678341199841725&mt=1678343083&subapp=DRIVE_WEB_FILE_VIEWER&txp=0011224&sparams=expire,ei,ip,cp,id,itag,source,requiressl,ttl,susc,driveid,app,mime,vprv,prv,dur,lmt&sig=AOq0QJ8wRgIhANWEtrkCiECrrrll7emUYTcQf_Z4KFQuPb92zdxqxTCfAiEA0anuO98c1RtjFqIKirC-uuAwCF9M7QILUalSvrh_Tfw=&lsparams=mh,mm,mn,ms,mv,mvi,pl&lsig=AG3C_xAwRQIhAMLwjOc8m-WDO3sa1qvNh1bH3IMTN9TVwVdEkzaAxYnsAiAFt3Bqm8oTe1Xi4hGHsF4fhA9SgHTQtVc1lBGKdCF8JQ==&cpn=2Q32QFelLxRPP2ax&c=WEB_EMBEDDED_PLAYER&cver=1.20230305.00.00',31,NULL),(63,'다시마끼 타마고 만드는법, 어렵지 않아요.',NULL,'https://rr1---sn-3pm7dnez.c.drive.google.com/videoplayback?expire=1678354333&ei=XW8JZLmTI5iU-LYPxPOi4Ak&ip=211.106.114.186&cp=QVRMWkRfU1NRRFhPOlVFblVXa3dLZUpkRlFxTUtveDN3N2pYMHMxTEVYOFM3S2pjaWJMemszS2Q&id=11bc0bcb3b251d44&itag=22&source=webdrive&requiressl=yes&mh=wD&mm=32&mn=sn-3pm7dnez&ms=su&mv=m&mvi=1&pl=19&ttl=transient&susc=dr&driveid=1ZkxfrEhxJmzYPIC9F7AaGNcOB3EjIxQJ&app=explorer&mime=video/mp4&vprv=1&prv=1&dur=14.303&lmt=1678339600399463&mt=1678339497&subapp=DRIVE_WEB_FILE_VIEWER&txp=0011224&sparams=expire,ei,ip,cp,id,itag,source,requiressl,ttl,susc,driveid,app,mime,vprv,prv,dur,lmt&sig=AOq0QJ8wRgIhAPCQMB6av4gc_L-Tj6QHlbNJVltGDUAZVlPHNk_-8CbyAiEAuXqAMmpOOXnf-Lddphf6mhqbPmleuNeTI0jIZtAO64o=&lsparams=mh,mm,mn,ms,mv,mvi,pl&lsig=AG3C_xAwRQIhAIfLIxShMbhZLileZfFpiYYq3zOsEbVJ5kBYtqv0a-_dAiAaouiPooRofIxq23mYZ6XdcpSrjO66U-HHhZLHUhktcQ==&cpn=-wubrYHjywSg6Fs_&c=WEB_EMBEDDED_PLAYER&cver=1.20230305.00.00',32,NULL),(64,'다시마끼 타마고와 함께 곁들어 먹는 소스 레시피',NULL,'https://rr1---sn-3pm7dnez.c.drive.google.com/videoplayback?expire=1678358002&ei=sn0JZKa1KuTf-LYPxZK_wAw&ip=211.106.114.186&cp=QVRMWkRfV1BOQ1hPOlVFbllUaHZLZUpkRlF1SkhueDN3N2pYNHA4S0VYOFM3S256ZmFMemszS2Q&id=11bc0bcb3b251d44&itag=22&source=webdrive&requiressl=yes&mh=wD&mm=32&mn=sn-3pm7dnez&ms=su&mv=m&mvi=1&pl=19&ttl=transient&susc=dr&driveid=1ZkxfrEhxJmzYPIC9F7AaGNcOB3EjIxQJ&app=explorer&mime=video/mp4&vprv=1&prv=1&dur=14.303&lmt=1678339600399463&mt=1678343325&subapp=DRIVE_WEB_FILE_VIEWER&txp=0011224&sparams=expire,ei,ip,cp,id,itag,source,requiressl,ttl,susc,driveid,app,mime,vprv,prv,dur,lmt&sig=AOq0QJ8wRgIhAMNi9AmWRkJ-i_3QKyR1P4sof3uwOM5m2FScVgLkETkGAiEAs8nKomyQidEwLzcs7lJG-ZE4bgo8pGYOlshMMehx0kQ=&lsparams=mh,mm,mn,ms,mv,mvi,pl&lsig=AG3C_xAwRQIgcKIeXAezGjq5lUpT_Ch-VRcj1VnDgn-GUitPm_1adJwCIQCvq5ZF8Yhz4h9mJ_TNHGyZX11h1tORcGY_hUHAcfMSbg==&cpn=41JugF3cC2PMYAQs&c=WEB_EMBEDDED_PLAYER&cver=1.20230305.00.00',32,NULL),(65,'일본 정통 스시의 문화에 대해서 알아볼까요??',NULL,'https://rr1---sn-3pm7dnez.c.drive.google.com/videoplayback?expire=1678358002&ei=sn0JZKa1KuTf-LYPxZK_wAw&ip=211.106.114.186&cp=QVRMWkRfV1BOQ1hPOlVFbllUaHZLZUpkRlF1SkhueDN3N2pYNHA4S0VYOFM3S256ZmFMemszS2Q&id=11bc0bcb3b251d44&itag=22&source=webdrive&requiressl=yes&mh=wD&mm=32&mn=sn-3pm7dnez&ms=su&mv=m&mvi=1&pl=19&ttl=transient&susc=dr&driveid=1ZkxfrEhxJmzYPIC9F7AaGNcOB3EjIxQJ&app=explorer&mime=video/mp4&vprv=1&prv=1&dur=14.303&lmt=1678339600399463&mt=1678343325&subapp=DRIVE_WEB_FILE_VIEWER&txp=0011224&sparams=expire,ei,ip,cp,id,itag,source,requiressl,ttl,susc,driveid,app,mime,vprv,prv,dur,lmt&sig=AOq0QJ8wRgIhAMNi9AmWRkJ-i_3QKyR1P4sof3uwOM5m2FScVgLkETkGAiEAs8nKomyQidEwLzcs7lJG-ZE4bgo8pGYOlshMMehx0kQ=&lsparams=mh,mm,mn,ms,mv,mvi,pl&lsig=AG3C_xAwRQIgcKIeXAezGjq5lUpT_Ch-VRcj1VnDgn-GUitPm_1adJwCIQCvq5ZF8Yhz4h9mJ_TNHGyZX11h1tORcGY_hUHAcfMSbg==&cpn=41JugF3cC2PMYAQs&c=WEB_EMBEDDED_PLAYER&cver=1.20230305.00.00',33,NULL),(66,'가격별 스시 오마카세에 대해 알아봅시다.',NULL,'https://rr1---sn-3pm7knel.c.drive.google.com/videoplayback?expire=1678358018&ei=wn0JZOvaL4OGp84P4JKD-Ag&ip=211.106.114.186&cp=QVRMWkRfV1BPSVhPOlVFbllUaWJLZUpkRlF1Skl0eDN3N2pYNHA5UUVYOFM3S256Z2dMemszS2Q&id=3f5ef3e6ddf3fe14&itag=22&source=webdrive&requiressl=yes&mh=pq&mm=32&mn=sn-3pm7knel&ms=su&mv=m&mvi=1&pl=19&ttl=transient&susc=dr&driveid=1x3VCBqqQL89BSth-VqfEnvNrxGU9En9O&app=explorer&mime=video/mp4&vprv=1&prv=1&dur=60.023&lmt=1678341960273168&mt=1678343325&subapp=DRIVE_WEB_FILE_VIEWER&txp=0011224&sparams=expire,ei,ip,cp,id,itag,source,requiressl,ttl,susc,driveid,app,mime,vprv,prv,dur,lmt&sig=AOq0QJ8wRQIhAPTEm5bCAnToEO_NVHi-6ggKSiiNvjWZVU9HCQ3_4XMTAiAyC2agDxH6RagdxDI0COBQfJ_ZMJ5sgJnI756NUr8Lnw==&lsparams=mh,mm,mn,ms,mv,mvi,pl&lsig=AG3C_xAwRAIgCDtNTi-q35Wam5_LNdB-LNXesqOSMQ2LTmY4pP3zFWQCIFzVPJZ3aBvpm8Mp2_TjtE_NLWPCsg-cPo8fVu4hLBra&cpn=9n2cfSaNVEaxphCf&c=WEB_EMBEDDED_PLAYER&cver=1.20230305.00.00',33,NULL),(67,'김카페의 클래스에 오신 여러분, 환영합니다!',NULL,'https://rr3---sn-3pm7dnez.c.drive.google.com/videoplayback?expire=1678354263&ei=F28JZPGyAsii-LYPp5K3yAc&ip=211.106.114.186&cp=QVRMWkRfU1JURFhPOlVFblVWbndLZUpkRlFxTE5veDN3N2pYMHI0TEVYOFM3S2pibGJMemszS2Q&id=6b4fd72f9e5c4a85&itag=22&source=webdrive&requiressl=yes&mh=bS&mm=32&mn=sn-3pm7dnez&ms=su&mv=m&mvi=3&pl=19&ttl=transient&susc=dr&driveid=1fx8jR5Y4QbeIVRQMZqZolOatr1d1-y6c&app=explorer&mime=video/mp4&vprv=1&prv=1&dur=55.217&lmt=1678339551711561&mt=1678339497&subapp=DRIVE_WEB_FILE_VIEWER&txp=0016224&sparams=expire,ei,ip,cp,id,itag,source,requiressl,ttl,susc,driveid,app,mime,vprv,prv,dur,lmt&sig=AOq0QJ8wRQIgD-0f0t2ceAPREDc6wbDiGAf8TNcNbDhAHFFF-XlKSYMCIQD8lQHD4kLR5CWidpTZ6Wcba2nooHlo6sbWqg5iAxET9A==&lsparams=mh,mm,mn,ms,mv,mvi,pl&lsig=AG3C_xAwRQIgcuRz0iec98KtUAmOeY3B5HWojLaXGXoizdj2dOktogkCIQCvNbUKLmjSWVkTul_sUAJl9fZEpMC2fYyXoJ0fELXA2A==&cpn=aZ8WE-53S4cSPtE2&c=WEB_EMBEDDED_PLAYER&cver=1.20230305.00.00',34,NULL),(68,'안녕하세요, 카페킴의 대표 김카페입니다.',NULL,'https://rr5---sn-3pm76nel.c.drive.google.com/videoplayback?expire=1678357957&ei=hX0JZPLjEbL0-LYPqbC4uA8&ip=211.106.114.186&cp=QVRMWkRfVllTSFhPOlVFblhDbWFLZUpkRlF0U01zeDN3N2pYM3kzUEVYOFM3S21pa2ZMemszS2Q&id=797d1448cc9d60ca&itag=22&source=webdrive&requiressl=yes&mh=LM&mm=32&mn=sn-3pm76nel&ms=su&mv=m&mvi=5&pl=19&ttl=transient&susc=dr&driveid=1D8vicA2Ej7LnPzyFoI9oUm3hWTtQEhNy&app=explorer&mime=video/mp4&vprv=1&prv=1&dur=27.585&lmt=1678341199841725&mt=1678343083&subapp=DRIVE_WEB_FILE_VIEWER&txp=0011224&sparams=expire,ei,ip,cp,id,itag,source,requiressl,ttl,susc,driveid,app,mime,vprv,prv,dur,lmt&sig=AOq0QJ8wRgIhANWEtrkCiECrrrll7emUYTcQf_Z4KFQuPb92zdxqxTCfAiEA0anuO98c1RtjFqIKirC-uuAwCF9M7QILUalSvrh_Tfw=&lsparams=mh,mm,mn,ms,mv,mvi,pl&lsig=AG3C_xAwRQIhAMLwjOc8m-WDO3sa1qvNh1bH3IMTN9TVwVdEkzaAxYnsAiAFt3Bqm8oTe1Xi4hGHsF4fhA9SgHTQtVc1lBGKdCF8JQ==&cpn=2Q32QFelLxRPP2ax&c=WEB_EMBEDDED_PLAYER&cver=1.20230305.00.00',34,NULL),(69,'제가 애용하는 접시들 및 컵들을 소개합니다.',NULL,'https://rr1---sn-3pm7dnez.c.drive.google.com/videoplayback?expire=1678354333&ei=XW8JZLmTI5iU-LYPxPOi4Ak&ip=211.106.114.186&cp=QVRMWkRfU1NRRFhPOlVFblVXa3dLZUpkRlFxTUtveDN3N2pYMHMxTEVYOFM3S2pjaWJMemszS2Q&id=11bc0bcb3b251d44&itag=22&source=webdrive&requiressl=yes&mh=wD&mm=32&mn=sn-3pm7dnez&ms=su&mv=m&mvi=1&pl=19&ttl=transient&susc=dr&driveid=1ZkxfrEhxJmzYPIC9F7AaGNcOB3EjIxQJ&app=explorer&mime=video/mp4&vprv=1&prv=1&dur=14.303&lmt=1678339600399463&mt=1678339497&subapp=DRIVE_WEB_FILE_VIEWER&txp=0011224&sparams=expire,ei,ip,cp,id,itag,source,requiressl,ttl,susc,driveid,app,mime,vprv,prv,dur,lmt&sig=AOq0QJ8wRgIhAPCQMB6av4gc_L-Tj6QHlbNJVltGDUAZVlPHNk_-8CbyAiEAuXqAMmpOOXnf-Lddphf6mhqbPmleuNeTI0jIZtAO64o=&lsparams=mh,mm,mn,ms,mv,mvi,pl&lsig=AG3C_xAwRQIhAIfLIxShMbhZLileZfFpiYYq3zOsEbVJ5kBYtqv0a-_dAiAaouiPooRofIxq23mYZ6XdcpSrjO66U-HHhZLHUhktcQ==&cpn=-wubrYHjywSg6Fs_&c=WEB_EMBEDDED_PLAYER&cver=1.20230305.00.00',35,NULL),(70,'자주 사용하는 재료를 알려드립니다.',NULL,'https://rr1---sn-3pm7dnez.c.drive.google.com/videoplayback?expire=1678358002&ei=sn0JZKa1KuTf-LYPxZK_wAw&ip=211.106.114.186&cp=QVRMWkRfV1BOQ1hPOlVFbllUaHZLZUpkRlF1SkhueDN3N2pYNHA4S0VYOFM3S256ZmFMemszS2Q&id=11bc0bcb3b251d44&itag=22&source=webdrive&requiressl=yes&mh=wD&mm=32&mn=sn-3pm7dnez&ms=su&mv=m&mvi=1&pl=19&ttl=transient&susc=dr&driveid=1ZkxfrEhxJmzYPIC9F7AaGNcOB3EjIxQJ&app=explorer&mime=video/mp4&vprv=1&prv=1&dur=14.303&lmt=1678339600399463&mt=1678343325&subapp=DRIVE_WEB_FILE_VIEWER&txp=0011224&sparams=expire,ei,ip,cp,id,itag,source,requiressl,ttl,susc,driveid,app,mime,vprv,prv,dur,lmt&sig=AOq0QJ8wRgIhAMNi9AmWRkJ-i_3QKyR1P4sof3uwOM5m2FScVgLkETkGAiEAs8nKomyQidEwLzcs7lJG-ZE4bgo8pGYOlshMMehx0kQ=&lsparams=mh,mm,mn,ms,mv,mvi,pl&lsig=AG3C_xAwRQIgcKIeXAezGjq5lUpT_Ch-VRcj1VnDgn-GUitPm_1adJwCIQCvq5ZF8Yhz4h9mJ_TNHGyZX11h1tORcGY_hUHAcfMSbg==&cpn=41JugF3cC2PMYAQs&c=WEB_EMBEDDED_PLAYER&cver=1.20230305.00.00',35,NULL),(71,'이제 우리집은 카페입니다.',NULL,'https://rr1---sn-3pm7knel.c.drive.google.com/videoplayback?expire=1678358018&ei=wn0JZOvaL4OGp84P4JKD-Ag&ip=211.106.114.186&cp=QVRMWkRfV1BPSVhPOlVFbllUaWJLZUpkRlF1Skl0eDN3N2pYNHA5UUVYOFM3S256Z2dMemszS2Q&id=3f5ef3e6ddf3fe14&itag=22&source=webdrive&requiressl=yes&mh=pq&mm=32&mn=sn-3pm7knel&ms=su&mv=m&mvi=1&pl=19&ttl=transient&susc=dr&driveid=1x3VCBqqQL89BSth-VqfEnvNrxGU9En9O&app=explorer&mime=video/mp4&vprv=1&prv=1&dur=60.023&lmt=1678341960273168&mt=1678343325&subapp=DRIVE_WEB_FILE_VIEWER&txp=0011224&sparams=expire,ei,ip,cp,id,itag,source,requiressl,ttl,susc,driveid,app,mime,vprv,prv,dur,lmt&sig=AOq0QJ8wRQIhAPTEm5bCAnToEO_NVHi-6ggKSiiNvjWZVU9HCQ3_4XMTAiAyC2agDxH6RagdxDI0COBQfJ_ZMJ5sgJnI756NUr8Lnw==&lsparams=mh,mm,mn,ms,mv,mvi,pl&lsig=AG3C_xAwRAIgCDtNTi-q35Wam5_LNdB-LNXesqOSMQ2LTmY4pP3zFWQCIFzVPJZ3aBvpm8Mp2_TjtE_NLWPCsg-cPo8fVu4hLBra&cpn=9n2cfSaNVEaxphCf&c=WEB_EMBEDDED_PLAYER&cver=1.20230305.00.00',36,NULL),(72,'멋있게, 맛있게 요리하세요!',NULL,'https://rr2---sn-3pm7dne6.c.drive.google.com/videoplayback?expire=1678355365&ei=ZXMJZNLcNJChrvIP2biL6AM&ip=211.106.114.186&cp=QVRMWkRfVFNURlhPOlVFblZXbnlLZUpkRlFyTU5xeDN3N2pYMXM0TkVYOFM3S2tjbGRMemszS2Q&id=9ad557e47815123e&itag=22&source=webdrive&requiressl=yes&mh=b6&mm=32&mn=sn-3pm7dne6&ms=su&mv=m&mvi=2&pl=19&ttl=transient&susc=dr&driveid=1mLjs3YYxRasYuu-m5LEILbFK5tFLbSRQ&app=explorer&mime=video/mp4&vprv=1&prv=1&dur=10.890&lmt=1678340710175364&mt=1678340689&subapp=DRIVE_WEB_FILE_VIEWER&txp=0011224&sparams=expire,ei,ip,cp,id,itag,source,requiressl,ttl,susc,driveid,app,mime,vprv,prv,dur,lmt&sig=AOq0QJ8wRQIgA2oYr45PcFjhoqtPp5qz2H0dYh_uxwUVPgb_6T4Gr_8CIQD-itQw021S-qj3I76y_pA7QcC7pxvSrnM4niRTFD8llw==&lsparams=mh,mm,mn,ms,mv,mvi,pl&lsig=AG3C_xAwRgIhAO9naA1uJ3X_XsJq4ykJLUbm8xmBMmAjBQfUCQ3LQTASAiEAvJpbHXhdR6H9CTsx6xqVs610UA47jsY6OfqSpKy6Yjw=&cpn=2DvxAcHiUs4DCQKl&c=WEB_EMBEDDED_PLAYER&cver=1.20230305.00.00',36,NULL);
/*!40000 ALTER TABLE `videos` ENABLE KEYS */;
UNLOCK TABLES;
/*!40103 SET TIME_ZONE=@OLD_TIME_ZONE */;

/*!40101 SET SQL_MODE=@OLD_SQL_MODE */;
/*!40014 SET FOREIGN_KEY_CHECKS=@OLD_FOREIGN_KEY_CHECKS */;
/*!40014 SET UNIQUE_CHECKS=@OLD_UNIQUE_CHECKS */;
/*!40101 SET CHARACTER_SET_CLIENT=@OLD_CHARACTER_SET_CLIENT */;
/*!40101 SET CHARACTER_SET_RESULTS=@OLD_CHARACTER_SET_RESULTS */;
/*!40101 SET COLLATION_CONNECTION=@OLD_COLLATION_CONNECTION */;
/*!40111 SET SQL_NOTES=@OLD_SQL_NOTES */;

-- Dump completed on 2023-03-09 20:06:51
